Wiek,Plec,Dzien,Zasięg,Wyswietlenia,"Budzet","Kliki",Zakupy,"Komenty_post","Reakcje_post","Początek okresu raportowania","Koniec okresu raportowania"
55-64,male,2020-12-20,1,1,0.02,0,,,,2020-12-20,2020-12-20
45-54,female,2020-12-20,732,743,6.76,33,,,1,2020-12-20,2020-12-20
65+,male,2020-12-20,4,8,0.04,1,,,,2020-12-20,2020-12-20
35-44,female,2020-12-20,1014,1148,10.86,98,,2,1,2020-12-20,2020-12-20
35-44,male,2020-12-20,2288,2682,25.46,169,1,2,5,2020-12-20,2020-12-20
25-34,male,2020-12-20,1038,1180,10.73,88,,,,2020-12-20,2020-12-20
45-54,male,2020-12-20,1372,1571,13.98,99,,1,8,2020-12-20,2020-12-20
25-34,female,2020-12-20,430,472,4.68,51,1,,2,2020-12-20,2020-12-20
18-24,female,2020-12-20,26,32,0.26,4,,,1,2020-12-20,2020-12-20
18-24,male,2020-12-20,32,44,0.39,2,,,,2020-12-20,2020-12-20
55-64,female,2020-12-20,4,4,0.03,0,,,,2020-12-20,2020-12-20
45-54,unknown,2020-12-20,1,1,0.01,0,,,,2020-12-20,2020-12-20
35-44,unknown,2020-12-20,0,1,0,0,,,,2020-12-20,2020-12-20
25-34,unknown,2020-12-20,0,2,0.01,0,,,,2020-12-20,2020-12-20
25-34,male,2020-12-19,689,731,10.43,61,,,,2020-12-19,2020-12-19
45-54,male,2020-12-19,703,751,9.31,63,,1,2,2020-12-19,2020-12-19
35-44,male,2020-12-19,1270,1360,18.12,103,,1,5,2020-12-19,2020-12-19
65+,male,2020-12-19,3,4,0.06,0,,,,2020-12-19,2020-12-19
55-64,male,2020-12-19,2,2,0.05,0,,,,2020-12-19,2020-12-19
35-44,female,2020-12-19,767,819,10.66,47,,,2,2020-12-19,2020-12-19
55-64,female,2020-12-19,1,1,0.01,0,,,,2020-12-19,2020-12-19
45-54,female,2020-12-19,435,459,6.79,20,,,,2020-12-19,2020-12-19
25-34,female,2020-12-19,304,321,4.5,29,,,,2020-12-19,2020-12-19
18-24,male,2020-12-19,38,44,0.65,5,,,,2020-12-19,2020-12-19
18-24,female,2020-12-19,24,25,0.38,0,,,,2020-12-19,2020-12-19
35-44,unknown,2020-12-19,5,5,0.07,1,,,,2020-12-19,2020-12-19
45-54,unknown,2020-12-19,4,4,0.06,0,,,,2020-12-19,2020-12-19
45-54,female,2020-12-04,19,21,0.4,1,,,,2020-12-04,2020-12-04
18-24,female,2020-12-04,8,8,0.17,2,,,,2020-12-04,2020-12-04
35-44,female,2020-12-04,66,77,1.18,3,,,,2020-12-04,2020-12-04
35-44,male,2020-12-04,135,149,1.67,5,,,,2020-12-04,2020-12-04
25-34,male,2020-12-04,82,95,1.24,5,,,,2020-12-04,2020-12-04
45-54,male,2020-12-04,38,48,0.85,3,,,,2020-12-04,2020-12-04
65+,male,2020-12-04,1,1,0.01,0,,,,2020-12-04,2020-12-04
25-34,female,2020-12-04,36,41,0.58,0,,,,2020-12-04,2020-12-04
18-24,male,2020-12-04,8,8,0.09,1,,,,2020-12-04,2020-12-04
55-64,male,2020-12-04,1,1,0.04,0,,,,2020-12-04,2020-12-04
45-54,female,2020-12-03,46,58,0.79,1,,,,2020-12-03,2020-12-03
35-44,female,2020-12-03,156,235,3.63,11,1,,,2020-12-03,2020-12-03
25-34,female,2020-12-03,104,141,1.66,4,,,,2020-12-03,2020-12-03
35-44,male,2020-12-03,376,535,6.36,20,,1,1,2020-12-03,2020-12-03
25-34,male,2020-12-03,231,324,3.49,10,,,,2020-12-03,2020-12-03
45-54,male,2020-12-03,138,195,2.64,26,,1,1,2020-12-03,2020-12-03
55-64,male,2020-12-03,6,9,0.11,1,,,,2020-12-03,2020-12-03
18-24,female,2020-12-03,20,31,0.37,2,,,,2020-12-03,2020-12-03
65+,male,2020-12-03,3,4,0.04,0,,,,2020-12-03,2020-12-03
18-24,male,2020-12-03,24,33,0.36,0,,,,2020-12-03,2020-12-03
35-44,unknown,2020-12-03,1,1,0.01,0,,,,2020-12-03,2020-12-03
25-34,unknown,2020-12-03,2,2,0.03,0,,,,2020-12-03,2020-12-03
45-54,unknown,2020-12-03,1,1,0,0,,,,2020-12-03,2020-12-03
18-24,female,2020-12-02,22,29,0.25,0,,,,2020-12-02,2020-12-02
45-54,male,2020-12-02,137,205,2.23,5,,,,2020-12-02,2020-12-02
25-34,male,2020-12-02,232,330,3.27,13,,,,2020-12-02,2020-12-02
18-24,male,2020-12-02,18,35,0.34,4,,,,2020-12-02,2020-12-02
35-44,male,2020-12-02,385,521,6.87,15,,,,2020-12-02,2020-12-02
45-54,female,2020-12-02,50,66,0.83,1,,,,2020-12-02,2020-12-02
35-44,female,2020-12-02,186,265,4.12,15,,,2,2020-12-02,2020-12-02
45-54,unknown,2020-12-02,1,1,0,0,,,,2020-12-02,2020-12-02
35-44,unknown,2020-12-02,1,1,0.01,1,,,,2020-12-02,2020-12-02
25-34,female,2020-12-02,81,110,1.32,2,,,,2020-12-02,2020-12-02
65+,male,2020-12-02,3,3,0.07,0,,,,2020-12-02,2020-12-02
55-64,female,2020-12-02,1,1,0,0,,,,2020-12-02,2020-12-02
55-64,male,2020-12-02,2,2,0,0,,,,2020-12-02,2020-12-02
65+,female,2020-12-02,1,2,0.02,0,,,,2020-12-02,2020-12-02
45-54,male,2020-12-01,152,209,2.23,9,,,,2020-12-01,2020-12-01
35-44,male,2020-12-01,457,625,6.62,30,,1,,2020-12-01,2020-12-01
25-34,male,2020-12-01,252,360,4.01,21,,,1,2020-12-01,2020-12-01
35-44,female,2020-12-01,183,272,3.93,12,,1,2,2020-12-01,2020-12-01
18-24,female,2020-12-01,18,21,0.35,2,,,,2020-12-01,2020-12-01
45-54,female,2020-12-01,46,61,0.92,2,,,,2020-12-01,2020-12-01
55-64,male,2020-12-01,2,2,0.02,0,,,,2020-12-01,2020-12-01
25-34,female,2020-12-01,95,129,1.53,3,,,,2020-12-01,2020-12-01
18-24,male,2020-12-01,22,34,0.24,0,,,,2020-12-01,2020-12-01
55-64,female,2020-12-01,1,2,0.02,0,,,,2020-12-01,2020-12-01
25-34,unknown,2020-12-01,1,1,0,0,,,,2020-12-01,2020-12-01
35-44,unknown,2020-12-01,1,1,0,0,,,,2020-12-01,2020-12-01
65+,male,2020-12-01,4,4,0.03,0,,,,2020-12-01,2020-12-01
35-44,female,2020-11-30,575,721,9.51,38,,,1,2020-11-30,2020-11-30
25-34,male,2020-11-30,900,1065,11.16,59,,,1,2020-11-30,2020-11-30
35-44,male,2020-11-30,1462,1728,18.88,74,1,,3,2020-11-30,2020-11-30
25-34,female,2020-11-30,329,383,4.61,28,,,2,2020-11-30,2020-11-30
45-54,male,2020-11-30,596,689,7.33,30,,,2,2020-11-30,2020-11-30
45-54,female,2020-11-30,255,298,3.04,10,,,,2020-11-30,2020-11-30
18-24,female,2020-11-30,32,36,0.51,2,,,,2020-11-30,2020-11-30
55-64,male,2020-11-30,2,4,0.08,0,,,,2020-11-30,2020-11-30
25-34,unknown,2020-11-30,1,1,0.01,0,,,,2020-11-30,2020-11-30
18-24,male,2020-11-30,45,61,0.72,3,,,,2020-11-30,2020-11-30
65+,female,2020-11-30,1,1,0.02,0,,,,2020-11-30,2020-11-30
65+,unknown,2020-11-30,1,1,0.01,0,,,,2020-11-30,2020-11-30
55-64,female,2020-11-30,2,2,0.09,0,,,,2020-11-30,2020-11-30
65+,male,2020-11-30,2,2,0.01,0,,,,2020-11-30,2020-11-30
45-54,unknown,2020-11-30,1,1,0.01,0,,,,2020-11-30,2020-11-30
35-44,unknown,2020-11-30,3,3,0.02,0,,,,2020-11-30,2020-11-30
35-44,male,2020-11-29,2314,2703,28.6,114,2,1,3,2020-11-29,2020-11-29
25-34,male,2020-11-29,1020,1292,13.16,62,,,,2020-11-29,2020-11-29
45-54,male,2020-11-29,1050,1231,11.88,46,,,3,2020-11-29,2020-11-29
35-44,female,2020-11-29,914,1103,12.82,37,,,,2020-11-29,2020-11-29
25-34,female,2020-11-29,392,500,5.92,25,1,,,2020-11-29,2020-11-29
45-54,female,2020-11-29,394,489,4.9,28,,,,2020-11-29,2020-11-29
18-24,female,2020-11-29,38,53,0.84,2,,,,2020-11-29,2020-11-29
18-24,male,2020-11-29,50,74,0.92,5,,,,2020-11-29,2020-11-29
65+,female,2020-11-29,3,3,0.06,1,,,,2020-11-29,2020-11-29
55-64,female,2020-11-29,4,4,0.16,0,,,,2020-11-29,2020-11-29
35-44,unknown,2020-11-29,0,5,0.05,0,,,,2020-11-29,2020-11-29
25-34,unknown,2020-11-29,1,1,0,0,,,,2020-11-29,2020-11-29
65+,male,2020-11-29,5,5,0.01,0,,,,2020-11-29,2020-11-29
55-64,male,2020-11-29,2,13,0.2,0,,,,2020-11-29,2020-11-29
65+,unknown,2020-11-29,2,2,0.01,0,,,,2020-11-29,2020-11-29
45-54,unknown,2020-11-29,0,1,0.01,0,,,,2020-11-29,2020-11-29
35-44,female,2020-11-28,760,955,14.47,42,,,3,2020-11-28,2020-11-28
45-54,male,2020-11-28,852,1016,12.97,65,,,2,2020-11-28,2020-11-28
45-54,female,2020-11-28,360,405,5.26,15,,,1,2020-11-28,2020-11-28
35-44,male,2020-11-28,1770,2116,28.77,103,1,2,5,2020-11-28,2020-11-28
25-34,unknown,2020-11-28,2,2,0.03,0,,,,2020-11-28,2020-11-28
65+,female,2020-11-28,2,3,0.07,0,,,,2020-11-28,2020-11-28
25-34,male,2020-11-28,872,1054,13.83,65,,,,2020-11-28,2020-11-28
18-24,male,2020-11-28,58,81,1.33,5,,,,2020-11-28,2020-11-28
25-34,female,2020-11-28,382,473,7.14,22,,,,2020-11-28,2020-11-28
18-24,female,2020-11-28,44,49,0.72,1,,,,2020-11-28,2020-11-28
65+,unknown,2020-11-28,1,1,0.01,0,,,,2020-11-28,2020-11-28
55-64,male,2020-11-28,2,6,0.09,0,,,,2020-11-28,2020-11-28
55-64,female,2020-11-28,0,1,0.01,0,,,,2020-11-28,2020-11-28
65+,male,2020-11-28,0,2,0.01,0,,,,2020-11-28,2020-11-28
35-44,unknown,2020-11-28,4,5,0.05,0,,,,2020-11-28,2020-11-28
18-24,male,2020-11-27,48,94,1.4,15,,,,2020-11-27,2020-11-27
25-34,male,2020-11-27,1044,1206,15.92,69,,1,1,2020-11-27,2020-11-27
45-54,male,2020-11-27,764,897,12.39,52,,1,2,2020-11-27,2020-11-27
35-44,male,2020-11-27,1774,2005,26.85,90,,,3,2020-11-27,2020-11-27
25-34,female,2020-11-27,510,539,7.93,31,,,1,2020-11-27,2020-11-27
35-44,female,2020-11-27,738,903,13.77,54,,,3,2020-11-27,2020-11-27
45-54,female,2020-11-27,308,362,5.72,21,1,,,2020-11-27,2020-11-27
65+,unknown,2020-11-27,1,1,0.01,0,,,,2020-11-27,2020-11-27
18-24,female,2020-11-27,42,60,1.03,2,,,,2020-11-27,2020-11-27
25-34,unknown,2020-11-27,2,2,0.01,0,,,,2020-11-27,2020-11-27
35-44,unknown,2020-11-27,0,4,0.03,0,,,,2020-11-27,2020-11-27
65+,female,2020-11-27,2,3,0.06,1,,,,2020-11-27,2020-11-27
55-64,male,2020-11-27,2,3,0.09,0,,,,2020-11-27,2020-11-27
65+,male,2020-11-27,4,4,0.01,0,,,,2020-11-27,2020-11-27
25-34,female,2020-11-26,548,666,8.81,42,,,,2020-11-26,2020-11-26
35-44,female,2020-11-26,938,1197,16.27,58,,1,1,2020-11-26,2020-11-26
35-44,male,2020-11-26,1584,1905,24.04,87,1,1,3,2020-11-26,2020-11-26
25-34,male,2020-11-26,884,1154,14.23,58,,,,2020-11-26,2020-11-26
45-54,female,2020-11-26,392,437,5.21,20,,,,2020-11-26,2020-11-26
18-24,female,2020-11-26,54,78,1.17,5,,,,2020-11-26,2020-11-26
45-54,male,2020-11-26,774,903,11.38,54,,,1,2020-11-26,2020-11-26
18-24,male,2020-11-26,58,79,1.16,9,,,,2020-11-26,2020-11-26
65+,male,2020-11-26,4,4,0.03,0,,,,2020-11-26,2020-11-26
65+,female,2020-11-26,0,3,0.1,0,,,,2020-11-26,2020-11-26
55-64,male,2020-11-26,0,4,0.1,0,,,,2020-11-26,2020-11-26
55-64,female,2020-11-26,2,2,0.06,0,,,,2020-11-26,2020-11-26
35-44,unknown,2020-11-26,2,3,0.01,0,,,,2020-11-26,2020-11-26
18-24,male,2020-11-25,154,168,2.89,7,,,1,2020-11-25,2020-11-25
18-24,female,2020-11-25,154,176,3.56,9,,,1,2020-11-25,2020-11-25
35-44,female,2020-11-25,1988,2257,37.18,123,,,3,2020-11-25,2020-11-25
35-44,male,2020-11-25,2648,2902,42.91,171,,2,6,2020-11-25,2020-11-25
25-34,male,2020-11-25,1566,1779,27.02,90,,,1,2020-11-25,2020-11-25
45-54,male,2020-11-25,990,1077,15.88,45,,1,2,2020-11-25,2020-11-25
25-34,female,2020-11-25,1246,1392,25.87,74,,,,2020-11-25,2020-11-25
65+,female,2020-11-25,2,3,0.05,2,,,,2020-11-25,2020-11-25
55-64,female,2020-11-25,3,3,0.12,1,,,1,2020-11-25,2020-11-25
25-34,unknown,2020-11-25,3,3,0.03,0,,,,2020-11-25,2020-11-25
45-54,unknown,2020-11-25,0,1,0.01,0,,,,2020-11-25,2020-11-25
65+,unknown,2020-11-25,1,1,0.01,0,,,,2020-11-25,2020-11-25
45-54,female,2020-11-25,662,706,10.99,31,,,,2020-11-25,2020-11-25
35-44,unknown,2020-11-25,2,9,0.12,0,,,,2020-11-25,2020-11-25
65+,male,2020-11-25,8,8,0.1,0,,,,2020-11-25,2020-11-25
55-64,male,2020-11-25,6,7,0.17,0,,,,2020-11-25,2020-11-25
25-34,male,2020-11-24,939,1094,11.87,55,,,,2020-11-24,2020-11-24
35-44,male,2020-11-24,1463,1661,19.18,81,,1,1,2020-11-24,2020-11-24
25-34,female,2020-11-24,653,719,8.38,35,,1,,2020-11-24,2020-11-24
45-54,male,2020-11-24,587,658,7.74,44,,,1,2020-11-24,2020-11-24
35-44,female,2020-11-24,915,1034,13.72,62,,,1,2020-11-24,2020-11-24
35-44,unknown,2020-11-24,5,5,0.05,2,,,,2020-11-24,2020-11-24
18-24,male,2020-11-24,76,93,1.17,9,,,,2020-11-24,2020-11-24
55-64,female,2020-11-24,3,3,0.09,1,,,,2020-11-24,2020-11-24
18-24,female,2020-11-24,65,74,0.92,2,3,,,2020-11-24,2020-11-24
55-64,male,2020-11-24,1,3,0.1,0,,,,2020-11-24,2020-11-24
65+,male,2020-11-24,5,6,0.04,0,,,,2020-11-24,2020-11-24
65+,unknown,2020-11-24,1,1,0.01,0,,,,2020-11-24,2020-11-24
45-54,unknown,2020-11-24,1,1,0.01,0,,,,2020-11-24,2020-11-24
25-34,unknown,2020-11-24,2,2,0.01,0,,,,2020-11-24,2020-11-24
45-54,female,2020-11-24,271,304,4.15,10,,,,2020-11-24,2020-11-24
18-24,male,2020-11-23,168,241,2.51,15,,,,2020-11-23,2020-11-23
45-54,male,2020-11-23,1312,1633,19.57,97,,,3,2020-11-23,2020-11-23
35-44,male,2020-11-23,3364,4577,52.65,281,1,1,7,2020-11-23,2020-11-23
25-34,male,2020-11-23,2036,2928,31.52,170,,,2,2020-11-23,2020-11-23
25-34,female,2020-11-23,1204,1597,17.56,88,1,,2,2020-11-23,2020-11-23
45-54,female,2020-11-23,704,820,9.26,55,,,3,2020-11-23,2020-11-23
45-54,unknown,2020-11-23,0,2,0.02,0,,,,2020-11-23,2020-11-23
55-64,male,2020-11-23,0,7,0.17,2,,1,,2020-11-23,2020-11-23
35-44,unknown,2020-11-23,0,10,0.1,0,,,,2020-11-23,2020-11-23
35-44,female,2020-11-23,1952,2556,28.52,148,1,,,2020-11-23,2020-11-23
18-24,female,2020-11-23,116,165,1.98,19,,,,2020-11-23,2020-11-23
65+,male,2020-11-23,4,10,0.09,0,,,,2020-11-23,2020-11-23
65+,unknown,2020-11-23,2,2,0.01,1,,,,2020-11-23,2020-11-23
55-64,female,2020-11-23,4,6,0.22,0,,,,2020-11-23,2020-11-23
65+,female,2020-11-23,3,3,0.07,1,,,,2020-11-23,2020-11-23
25-34,unknown,2020-11-23,2,2,0,0,,,,2020-11-23,2020-11-23
35-44,female,2020-11-22,2300,3123,35.7,147,1,1,2,2020-11-22,2020-11-22
18-24,male,2020-11-22,184,242,2.84,20,1,,,2020-11-22,2020-11-22
35-44,male,2020-11-22,3964,5796,66.46,322,1,1,3,2020-11-22,2020-11-22
45-54,male,2020-11-22,1588,2039,23.72,153,2,2,1,2020-11-22,2020-11-22
55-64,female,2020-11-22,4,7,0.11,1,,,,2020-11-22,2020-11-22
18-24,female,2020-11-22,128,145,1.78,13,,,,2020-11-22,2020-11-22
45-54,female,2020-11-22,868,951,10.55,53,1,,3,2020-11-22,2020-11-22
25-34,female,2020-11-22,1272,1639,17.8,75,,,2,2020-11-22,2020-11-22
25-34,male,2020-11-22,1976,3247,34.97,184,,,2,2020-11-22,2020-11-22
55-64,male,2020-11-22,0,7,0.12,1,,,,2020-11-22,2020-11-22
65+,male,2020-11-22,0,4,0.02,1,,,,2020-11-22,2020-11-22
35-44,unknown,2020-11-22,4,17,0.16,0,,,,2020-11-22,2020-11-22
45-54,unknown,2020-11-22,0,1,0.01,0,,,,2020-11-22,2020-11-22
25-34,unknown,2020-11-22,4,4,0.03,0,,,,2020-11-22,2020-11-22
65+,unknown,2020-11-22,2,2,0.01,0,,,,2020-11-22,2020-11-22
25-34,female,2020-11-21,1032,1039,11.15,47,,1,2,2020-11-21,2020-11-21
35-44,male,2020-11-21,3680,4020,38.1,233,,6,6,2020-11-21,2020-11-21
25-34,male,2020-11-21,1808,2062,20.39,91,1,1,1,2020-11-21,2020-11-21
45-54,female,2020-11-21,943,943,9.54,66,1,1,3,2020-11-21,2020-11-21
45-54,male,2020-11-21,1700,1849,18.27,104,,,5,2020-11-21,2020-11-21
35-44,female,2020-11-21,2056,2216,22.83,117,1,,3,2020-11-21,2020-11-21
18-24,female,2020-11-21,88,98,1.12,16,,,,2020-11-21,2020-11-21
18-24,unknown,2020-11-21,0,1,0.01,0,,,,2020-11-21,2020-11-21
45-54,unknown,2020-11-21,0,2,0.03,0,,,,2020-11-21,2020-11-21
25-34,unknown,2020-11-21,0,4,0.04,0,,,,2020-11-21,2020-11-21
18-24,male,2020-11-21,196,238,2.54,15,,,,2020-11-21,2020-11-21
35-44,unknown,2020-11-21,8,10,0.19,0,,,,2020-11-21,2020-11-21
55-64,male,2020-11-21,0,6,0.14,1,,,,2020-11-21,2020-11-21
55-64,female,2020-11-21,0,3,0.04,1,,,,2020-11-21,2020-11-21
65+,male,2020-11-21,4,6,0.14,0,,,,2020-11-21,2020-11-21
65+,unknown,2020-11-21,1,1,0.01,0,,,,2020-11-21,2020-11-21
65+,female,2020-11-21,0,1,0.01,0,,,,2020-11-21,2020-11-21
35-44,unknown,2020-11-20,8,14,0.15,2,,,,2020-11-20,2020-11-20
18-24,male,2020-11-20,244,287,2.73,22,,,,2020-11-20,2020-11-20
18-24,female,2020-11-20,92,102,1.06,9,,,,2020-11-20,2020-11-20
35-44,male,2020-11-20,3789,4150,37.18,192,1,3,7,2020-11-20,2020-11-20
45-54,male,2020-11-20,1480,1729,15.2,59,,,4,2020-11-20,2020-11-20
25-34,male,2020-11-20,2076,2473,21.63,115,,,3,2020-11-20,2020-11-20
35-44,female,2020-11-20,2136,2327,22.93,123,,,,2020-11-20,2020-11-20
45-54,female,2020-11-20,1003,1003,10.5,54,,,2,2020-11-20,2020-11-20
25-34,female,2020-11-20,1192,1311,13.39,87,,1,3,2020-11-20,2020-11-20
25-34,unknown,2020-11-20,0,4,0.04,0,,,,2020-11-20,2020-11-20
45-54,unknown,2020-11-20,0,2,0.02,0,,,,2020-11-20,2020-11-20
65+,male,2020-11-20,1,1,0.01,0,,,,2020-11-20,2020-11-20
65+,unknown,2020-11-20,1,1,0.01,0,,,,2020-11-20,2020-11-20
55-64,male,2020-11-20,4,4,0.05,0,,,,2020-11-20,2020-11-20
65+,female,2020-11-20,1,1,0,0,,,,2020-11-20,2020-11-20
45-54,female,2020-11-19,919,919,8.79,53,,1,1,2020-11-19,2020-11-19
18-24,male,2020-11-19,316,370,3.34,30,,,,2020-11-19,2020-11-19
35-44,female,2020-11-19,2340,2400,21.08,127,,,5,2020-11-19,2020-11-19
35-44,male,2020-11-19,3800,4187,34.17,185,,9,7,2020-11-19,2020-11-19
25-34,male,2020-11-19,2400,2600,21.16,131,,2,1,2020-11-19,2020-11-19
25-34,female,2020-11-19,1396,1472,13.43,104,,1,2,2020-11-19,2020-11-19
45-54,male,2020-11-19,1652,1813,15.32,84,,,4,2020-11-19,2020-11-19
18-24,female,2020-11-19,148,148,1.5,15,,,,2020-11-19,2020-11-19
18-24,unknown,2020-11-19,0,1,0.01,0,,,,2020-11-19,2020-11-19
45-54,unknown,2020-11-19,6,6,0.05,0,,,,2020-11-19,2020-11-19
25-34,unknown,2020-11-19,0,1,0.01,0,,,,2020-11-19,2020-11-19
35-44,unknown,2020-11-19,17,17,0.11,1,,,,2020-11-19,2020-11-19
65+,male,2020-11-19,1,1,0,0,,,,2020-11-19,2020-11-19
55-64,male,2020-11-19,0,2,0.04,0,,,,2020-11-19,2020-11-19
65+,unknown,2020-11-19,1,1,0.01,0,,,,2020-11-19,2020-11-19
65+,female,2020-11-19,2,2,0,1,,,,2020-11-19,2020-11-19
45-54,male,2020-11-18,1576,1781,14.898800128845,89,,2,3,2020-11-18,2020-11-18
18-24,female,2020-11-18,148,154,1.2099025607988,18,,,1,2020-11-18,2020-11-18
25-34,female,2020-11-18,1628,1723,14.678817845064,138,,,2,2020-11-18,2020-11-18
35-44,female,2020-11-18,2656,2806,23.058143018199,165,,2,5,2020-11-18,2020-11-18
45-54,female,2020-11-18,1088,1090,10.379164116605,65,1,,,2020-11-18,2020-11-18
35-44,male,2020-11-18,3991,4488,33.547298276695,229,,3,6,2020-11-18,2020-11-18
25-34,male,2020-11-18,2452,2954,23.248127717829,181,,4,2,2020-11-18,2020-11-18
18-24,male,2020-11-18,344,380,2.9097656627476,26,,,1,2020-11-18,2020-11-18
25-34,unknown,2020-11-18,8,8,0.039996778869383,0,,,,2020-11-18,2020-11-18
45-54,unknown,2020-11-18,4,6,0.069994363021421,0,,,,2020-11-18,2020-11-18
35-44,unknown,2020-11-18,10,10,0.059995168304075,0,,,,2020-11-18,2020-11-18
65+,unknown,2020-11-18,1,1,0,0,,,,2020-11-18,2020-11-18
55-64,female,2020-11-18,0,2,0.059995168304075,0,,,,2020-11-18,2020-11-18
65+,male,2020-11-18,2,2,0.0099991947173458,0,,,,2020-11-18,2020-11-18
18-24,female,2020-11-17,132,161,1.2,11,,,1,2020-11-17,2020-11-17
45-54,female,2020-11-17,904,947,7.62,51,,1,1,2020-11-17,2020-11-17
45-54,male,2020-11-17,1784,1841,13.91,80,,1,4,2020-11-17,2020-11-17
35-44,male,2020-11-17,4496,5004,36.04,231,,4,8,2020-11-17,2020-11-17
25-34,male,2020-11-17,3400,3808,28.66,243,3,3,7,2020-11-17,2020-11-17
25-34,female,2020-11-17,1728,1810,14.46,112,,1,3,2020-11-17,2020-11-17
35-44,female,2020-11-17,2148,2357,18.7,145,,,4,2020-11-17,2020-11-17
18-24,male,2020-11-17,388,482,3.7,46,,,2,2020-11-17,2020-11-17
25-34,unknown,2020-11-17,0,3,0.02,0,,,,2020-11-17,2020-11-17
45-54,unknown,2020-11-17,0,3,0.01,0,,,,2020-11-17,2020-11-17
35-44,unknown,2020-11-17,4,12,0.11,2,,,,2020-11-17,2020-11-17
55-64,male,2020-11-17,0,1,0,0,,,,2020-11-17,2020-11-17
65+,female,2020-11-17,3,3,0.06,1,,,,2020-11-17,2020-11-17
65+,male,2020-11-17,5,5,0.04,0,,,,2020-11-17,2020-11-17
55-64,female,2020-11-17,0,1,0,0,,,,2020-11-17,2020-11-17
65+,unknown,2020-11-17,1,1,0,0,,,,2020-11-17,2020-11-17
18-24,male,2020-11-16,504,504,3.79,38,1,,,2020-11-16,2020-11-16
25-34,female,2020-11-16,1736,1981,14.19,154,,,3,2020-11-16,2020-11-16
45-54,female,2020-11-16,899,899,7.07,47,,1,3,2020-11-16,2020-11-16
18-24,female,2020-11-16,150,150,1.09,11,,,,2020-11-16,2020-11-16
25-34,male,2020-11-16,3984,4181,29.32,253,1,1,11,2020-11-16,2020-11-16
35-44,male,2020-11-16,4892,5340,35,236,,2,6,2020-11-16,2020-11-16
45-54,male,2020-11-16,1952,2055,14.53,87,,,2,2020-11-16,2020-11-16
35-44,female,2020-11-16,2576,2744,19.2,135,,,7,2020-11-16,2020-11-16
45-54,unknown,2020-11-16,0,3,0.01,0,,,,2020-11-16,2020-11-16
35-44,unknown,2020-11-16,7,7,0.02,0,,,,2020-11-16,2020-11-16
55-64,female,2020-11-16,0,2,0.01,0,,,,2020-11-16,2020-11-16
65+,female,2020-11-16,4,4,0.05,0,,,,2020-11-16,2020-11-16
65+,male,2020-11-16,2,2,0.01,0,,,,2020-11-16,2020-11-16
55-64,male,2020-11-16,0,1,0,0,,,,2020-11-16,2020-11-16
18-24,unknown,2020-11-16,0,1,0,0,,,,2020-11-16,2020-11-16
25-34,unknown,2020-11-16,4,4,0.03,0,,,,2020-11-16,2020-11-16
35-44,female,2020-11-15,2604,2700,19.45,120,,,2,2020-11-15,2020-11-15
45-54,female,2020-11-15,984,1036,7.56,65,,,1,2020-11-15,2020-11-15
45-54,male,2020-11-15,2080,2239,15.88,96,,,3,2020-11-15,2020-11-15
35-44,male,2020-11-15,5440,6257,42.78,244,2,2,7,2020-11-15,2020-11-15
25-34,male,2020-11-15,3416,3730,25.57,192,,1,4,2020-11-15,2020-11-15
25-34,female,2020-11-15,1440,1464,10.62,97,,,3,2020-11-15,2020-11-15
18-24,female,2020-11-15,68,98,0.74,5,,,,2020-11-15,2020-11-15
35-44,unknown,2020-11-15,14,14,0.08,0,,,,2020-11-15,2020-11-15
18-24,male,2020-11-15,240,295,2.16,24,,,,2020-11-15,2020-11-15
25-34,unknown,2020-11-15,8,10,0.09,0,,,,2020-11-15,2020-11-15
65+,male,2020-11-15,0,1,0.01,0,,,,2020-11-15,2020-11-15
65+,female,2020-11-15,4,4,0.07,3,,,,2020-11-15,2020-11-15
55-64,male,2020-11-15,0,5,0.04,0,,,,2020-11-15,2020-11-15
45-54,unknown,2020-11-15,0,5,0.04,0,,,,2020-11-15,2020-11-15
35-44,male,2020-11-14,4115,4586,38.797812843461,193,1,,10,2020-11-14,2020-11-14
45-54,male,2020-11-14,1828,1925,16.914686764013,127,,2,4,2020-11-14,2020-11-14
45-54,female,2020-11-14,964,1014,8.9371926519077,39,,2,1,2020-11-14,2020-11-14
35-44,female,2020-11-14,2396,2625,23.042761815042,136,,,2,2020-11-14,2020-11-14
25-34,female,2020-11-14,1416,1485,13.305820379965,91,,,1,2020-11-14,2020-11-14
25-34,male,2020-11-14,2479,2821,23.982466635265,165,,2,1,2020-11-14,2020-11-14
18-24,female,2020-11-14,52,70,0.6697896059036,5,,,,2020-11-14,2020-11-14
18-24,male,2020-11-14,148,172,1.4395478097033,7,,,,2020-11-14,2020-11-14
35-44,unknown,2020-11-14,8,15,0.14995289684409,2,,,,2020-11-14,2020-11-14
45-54,unknown,2020-11-14,3,3,0.029990579368818,0,,,,2020-11-14,2020-11-14
65+,male,2020-11-14,0,3,0.019993719579212,0,,,,2020-11-14,2020-11-14
55-64,male,2020-11-14,0,1,0.0099968597896059,0,,,,2020-11-14,2020-11-14
65+,female,2020-11-14,1,1,0.0099968597896059,2,,,,2020-11-14,2020-11-14
25-34,unknown,2020-11-14,6,6,0.029990579368818,0,,,,2020-11-14,2020-11-14
35-44,male,2020-11-13,4176,4448,34.997116493656,209,,3,11,2020-11-13,2020-11-13
35-44,female,2020-11-13,2348,2601,21.408236117977,171,1,2,4,2020-11-13,2020-11-13
25-34,male,2020-11-13,2860,3246,24.967942824188,203,,2,6,2020-11-13,2020-11-13
25-34,female,2020-11-13,1864,1925,16.26865958148,156,,1,1,2020-11-13,2020-11-13
45-54,male,2020-11-13,1420,1632,13.038925687922,60,,1,2,2020-11-13,2020-11-13
45-54,female,2020-11-13,868,935,7.9493450321305,61,,,1,2020-11-13,2020-11-13
25-34,unknown,2020-11-13,0,5,0.029997528423134,2,,,,2020-11-13,2020-11-13
18-24,female,2020-11-13,106,106,0.82993161970671,7,,,,2020-11-13,2020-11-13
18-24,male,2020-11-13,228,249,1.7798533531059,16,,,,2020-11-13,2020-11-13
35-44,unknown,2020-11-13,12,12,0.079993409128357,1,,,,2020-11-13,2020-11-13
45-54,unknown,2020-11-13,0,1,0.0099991761410447,0,,,,2020-11-13,2020-11-13
65+,female,2020-11-13,1,1,0.0099991761410447,0,,,,2020-11-13,2020-11-13
55-64,male,2020-11-13,0,1,0,0,,,,2020-11-13,2020-11-13
45-54,female,2020-11-12,919,919,8.0493635860542,52,,,2,2020-11-12,2020-11-12
45-54,male,2020-11-12,1499,1499,12.918978575381,72,,1,,2020-11-12,2020-11-12
35-44,female,2020-11-12,2748,2885,24.27808048067,181,,,6,2020-11-12,2020-11-12
18-24,male,2020-11-12,260,276,2.6797881255435,19,,,,2020-11-12,2020-11-12
25-34,female,2020-11-12,1624,1708,15.108805439165,169,,1,7,2020-11-12,2020-11-12
35-44,male,2020-11-12,4012,4326,36.847086726223,229,,2,11,2020-11-12,2020-11-12
25-34,male,2020-11-12,2692,2981,25.317998260732,222,,,7,2020-11-12,2020-11-12
18-24,female,2020-11-12,111,111,1.059916198909,6,,,,2020-11-12,2020-11-12
35-44,unknown,2020-11-12,4,6,0.039996837694679,1,,,,2020-11-12,2020-11-12
25-34,unknown,2020-11-12,6,6,0.02999762827101,0,,,,2020-11-12,2020-11-12
65+,female,2020-11-12,2,2,0.0099992094236699,0,,,,2020-11-12,2020-11-12
65+,unknown,2020-11-12,1,1,0.0099992094236699,0,,,,2020-11-12,2020-11-12
55-64,male,2020-11-12,0,4,0.089992884813029,0,,,,2020-11-12,2020-11-12
55-64,female,2020-11-12,0,1,0.039996837694679,0,,,,2020-11-12,2020-11-12
18-24,unknown,2020-11-12,1,1,0,0,,,,2020-11-12,2020-11-12
18-24,male,2020-11-11,184,271,2.68,19,,,1,2020-11-11,2020-11-11
18-24,female,2020-11-11,72,84,0.93,8,,,,2020-11-11,2020-11-11
45-54,male,2020-11-11,1624,1786,17.43,104,,1,4,2020-11-11,2020-11-11
35-44,male,2020-11-11,4168,4423,41.27,267,1,4,15,2020-11-11,2020-11-11
45-54,female,2020-11-11,739,739,7.57,37,,,2,2020-11-11,2020-11-11
25-34,female,2020-11-11,880,938,9.64,68,,,3,2020-11-11,2020-11-11
25-34,male,2020-11-11,2288,2530,24.15,151,,,6,2020-11-11,2020-11-11
35-44,female,2020-11-11,1780,1945,18.92,127,,,5,2020-11-11,2020-11-11
35-44,unknown,2020-11-11,8,12,0.11,0,,,,2020-11-11,2020-11-11
55-64,female,2020-11-11,0,2,0.02,1,,,,2020-11-11,2020-11-11
55-64,male,2020-11-11,0,5,0.07,0,,,,2020-11-11,2020-11-11
65+,male,2020-11-11,3,3,0.05,0,,,,2020-11-11,2020-11-11
25-34,unknown,2020-11-11,2,2,0.02,0,,,,2020-11-11,2020-11-11
45-54,unknown,2020-11-11,1,1,0.01,0,,,,2020-11-11,2020-11-11
65+,female,2020-11-11,3,3,0.03,1,,,,2020-11-11,2020-11-11
18-24,male,2020-11-10,284,363,3.12,31,,,,2020-11-10,2020-11-10
35-44,male,2020-11-10,3964,4323,35.26,239,1,1,10,2020-11-10,2020-11-10
35-44,female,2020-11-10,2212,2584,22.8,164,3,1,9,2020-11-10,2020-11-10
25-34,female,2020-11-10,1488,1542,14.07,122,,,7,2020-11-10,2020-11-10
25-34,male,2020-11-10,2764,2903,24.38,212,,,5,2020-11-10,2020-11-10
45-54,female,2020-11-10,931,931,8.26,41,,,3,2020-11-10,2020-11-10
45-54,male,2020-11-10,1572,1649,13.9,109,,4,5,2020-11-10,2020-11-10
55-64,female,2020-11-10,0,4,0.02,4,,,2,2020-11-10,2020-11-10
18-24,female,2020-11-10,120,140,1.69,14,,,,2020-11-10,2020-11-10
25-34,unknown,2020-11-10,4,6,0.06,0,,,,2020-11-10,2020-11-10
45-54,unknown,2020-11-10,3,3,0.02,0,,,,2020-11-10,2020-11-10
35-44,unknown,2020-11-10,10,10,0.1,0,,,,2020-11-10,2020-11-10
65+,female,2020-11-10,0,1,0.06,0,,,,2020-11-10,2020-11-10
55-64,male,2020-11-10,0,4,0.03,0,,,,2020-11-10,2020-11-10
65+,male,2020-11-10,0,3,0.01,0,,,,2020-11-10,2020-11-10
65+,unknown,2020-11-10,1,1,0.01,0,,,,2020-11-10,2020-11-10
25-34,female,2020-11-09,1896,2007,15.29,164,,,2,2020-11-09,2020-11-09
35-44,female,2020-11-09,3456,3573,26.55,197,,,6,2020-11-09,2020-11-09
25-34,male,2020-11-09,2864,3160,22.59,188,,2,7,2020-11-09,2020-11-09
45-54,male,2020-11-09,1636,1752,11.63,70,,,5,2020-11-09,2020-11-09
35-44,male,2020-11-09,4392,4874,32.31,223,1,3,15,2020-11-09,2020-11-09
55-64,male,2020-11-09,4,4,0.01,1,,,,2020-11-09,2020-11-09
45-54,female,2020-11-09,1257,1257,9.26,63,,,1,2020-11-09,2020-11-09
35-44,unknown,2020-11-09,8,14,0.07,0,,,,2020-11-09,2020-11-09
18-24,female,2020-11-09,164,177,1.64,19,,,,2020-11-09,2020-11-09
18-24,male,2020-11-09,320,342,2.54,31,,,,2020-11-09,2020-11-09
25-34,unknown,2020-11-09,5,5,0.01,0,,,,2020-11-09,2020-11-09
65+,female,2020-11-09,0,1,0,0,,,,2020-11-09,2020-11-09
65+,male,2020-11-09,3,3,0.02,0,,,,2020-11-09,2020-11-09
65+,unknown,2020-11-09,1,1,0,0,,,,2020-11-09,2020-11-09
45-54,unknown,2020-11-09,0,4,0.03,0,,,,2020-11-09,2020-11-09
45-54,female,2020-11-08,1192,1272,9.31,73,,2,2,2020-11-08,2020-11-08
25-34,male,2020-11-08,3188,3464,23,202,,2,6,2020-11-08,2020-11-08
45-54,male,2020-11-08,1736,1958,13.92,107,,1,6,2020-11-08,2020-11-08
35-44,male,2020-11-08,5060,5614,34.93,268,,2,8,2020-11-08,2020-11-08
25-34,female,2020-11-08,1969,1969,14.62,150,,,1,2020-11-08,2020-11-08
18-24,male,2020-11-08,180,209,1.37,17,,,,2020-11-08,2020-11-08
35-44,female,2020-11-08,3596,3929,25.99,220,,,7,2020-11-08,2020-11-08
18-24,female,2020-11-08,106,106,0.71,3,,,,2020-11-08,2020-11-08
25-34,unknown,2020-11-08,8,8,0.05,0,,,,2020-11-08,2020-11-08
35-44,unknown,2020-11-08,20,23,0.14,0,,,,2020-11-08,2020-11-08
45-54,unknown,2020-11-08,4,4,0.03,0,,,,2020-11-08,2020-11-08
55-64,male,2020-11-08,0,5,0.08,0,,,,2020-11-08,2020-11-08
65+,male,2020-11-08,0,1,0,0,,,,2020-11-08,2020-11-08
65+,female,2020-11-08,0,3,0.02,1,,,,2020-11-08,2020-11-08
18-24,male,2020-11-07,220,259,2.23,11,,,2,2020-11-07,2020-11-07
25-34,male,2020-11-07,2780,3231,25.58,257,,2,8,2020-11-07,2020-11-07
35-44,male,2020-11-07,4076,4496,34.2,245,,1,11,2020-11-07,2020-11-07
45-54,male,2020-11-07,1408,1529,12.82,96,,1,2,2020-11-07,2020-11-07
25-34,female,2020-11-07,2004,2114,16.92,153,,1,2,2020-11-07,2020-11-07
45-54,female,2020-11-07,1088,1088,8.74,62,,,3,2020-11-07,2020-11-07
18-24,female,2020-11-07,92,123,1.13,11,,,,2020-11-07,2020-11-07
35-44,female,2020-11-07,3336,3485,26.54,257,1,,8,2020-11-07,2020-11-07
35-44,unknown,2020-11-07,13,13,0.15,2,,,,2020-11-07,2020-11-07
65+,female,2020-11-07,0,4,0.07,1,,,,2020-11-07,2020-11-07
65+,male,2020-11-07,0,1,0,0,,,,2020-11-07,2020-11-07
55-64,male,2020-11-07,0,5,0.09,0,,,,2020-11-07,2020-11-07
55-64,female,2020-11-07,0,1,0,0,,,,2020-11-07,2020-11-07
45-54,unknown,2020-11-07,0,1,0,0,,,,2020-11-07,2020-11-07
25-34,unknown,2020-11-07,4,5,0.05,0,,,,2020-11-07,2020-11-07
35-44,male,2020-11-06,4736,5174,35.792826790933,289,,3,4,2020-11-06,2020-11-06
18-24,male,2020-11-06,260,317,2.4101903483137,26,,,,2020-11-06,2020-11-06
25-34,female,2020-11-06,2044,2223,15.751243977569,124,,,1,2020-11-06,2020-11-06
35-44,female,2020-11-06,3500,3806,26.58209936024,223,1,,5,2020-11-06,2020-11-06
45-54,male,2020-11-06,1700,1786,12.590994392228,95,,,2,2020-11-06,2020-11-06
45-54,female,2020-11-06,1152,1187,8.980709264671,73,,,2,2020-11-06,2020-11-06
25-34,male,2020-11-06,2860,3245,22.681791327699,199,,,5,2020-11-06,2020-11-06
18-24,female,2020-11-06,164,164,1.5601232130163,15,1,,1,2020-11-06,2020-11-06
45-54,unknown,2020-11-06,3,3,0.030002369481084,0,,,,2020-11-06,2020-11-06
35-44,unknown,2020-11-06,16,20,0.13001026775136,1,,,,2020-11-06,2020-11-06
55-64,female,2020-11-06,0,2,0.010000789827028,0,,,,2020-11-06,2020-11-06
55-64,male,2020-11-06,4,4,0.060004738962167,0,,,,2020-11-06,2020-11-06
65+,male,2020-11-06,0,2,0.010000789827028,0,,,,2020-11-06,2020-11-06
65+,female,2020-11-06,0,1,0.010000789827028,0,,,,2020-11-06,2020-11-06
18-24,unknown,2020-11-06,1,1,0,0,,,,2020-11-06,2020-11-06
25-34,unknown,2020-11-06,0,3,0.020001579654056,0,,,,2020-11-06,2020-11-06
18-24,female,2020-11-05,144,144,1.12,13,,,,2020-11-05,2020-11-05
25-34,male,2020-11-05,2760,2977,20.31,182,1,1,3,2020-11-05,2020-11-05
35-44,female,2020-11-05,3800,3833,25.31,206,,1,8,2020-11-05,2020-11-05
35-44,male,2020-11-05,4936,5589,36.91,334,1,4,12,2020-11-05,2020-11-05
45-54,female,2020-11-05,1348,1392,10.21,87,,,,2020-11-05,2020-11-05
25-34,female,2020-11-05,1824,1952,13.35,140,,1,,2020-11-05,2020-11-05
45-54,male,2020-11-05,1732,1894,13.75,115,,,3,2020-11-05,2020-11-05
18-24,male,2020-11-05,236,287,2,18,,,,2020-11-05,2020-11-05
25-34,unknown,2020-11-05,0,4,0.02,0,,,,2020-11-05,2020-11-05
55-64,male,2020-11-05,5,5,0.05,0,,,,2020-11-05,2020-11-05
65+,unknown,2020-11-05,1,1,0.01,0,,,,2020-11-05,2020-11-05
65+,male,2020-11-05,4,6,0.03,0,,,,2020-11-05,2020-11-05
65+,female,2020-11-05,1,1,0,0,,,,2020-11-05,2020-11-05
55-64,female,2020-11-05,0,1,0.04,0,,,,2020-11-05,2020-11-05
45-54,unknown,2020-11-05,0,2,0.01,0,,,,2020-11-05,2020-11-05
35-44,unknown,2020-11-05,4,15,0.13,0,,,,2020-11-05,2020-11-05
45-54,female,2020-11-04,1108,1120,7.41,66,,,1,2020-11-04,2020-11-04
18-24,male,2020-11-04,256,311,1.89,31,,,1,2020-11-04,2020-11-04
45-54,male,2020-11-04,1708,1799,11.23,116,,1,4,2020-11-04,2020-11-04
25-34,male,2020-11-04,3212,3601,21.6,264,1,,3,2020-11-04,2020-11-04
35-44,male,2020-11-04,5208,5573,33.89,372,2,5,9,2020-11-04,2020-11-04
35-44,female,2020-11-04,4396,4578,27.8,312,2,2,7,2020-11-04,2020-11-04
25-34,female,2020-11-04,2876,3036,18.14,272,,2,6,2020-11-04,2020-11-04
18-24,female,2020-11-04,202,202,1.41,24,,,,2020-11-04,2020-11-04
45-54,unknown,2020-11-04,0,2,0,0,,,,2020-11-04,2020-11-04
55-64,female,2020-11-04,0,3,0.02,0,,,,2020-11-04,2020-11-04
55-64,male,2020-11-04,4,7,0.09,0,,,,2020-11-04,2020-11-04
65+,male,2020-11-04,4,10,0.02,0,,,,2020-11-04,2020-11-04
25-34,unknown,2020-11-04,4,4,0.02,0,,,,2020-11-04,2020-11-04
35-44,unknown,2020-11-04,8,16,0.1,0,,,,2020-11-04,2020-11-04
18-24,female,2020-11-03,168,218,1.45,15,,,,2020-11-03,2020-11-03
35-44,female,2020-11-03,4340,4633,26.18,327,,1,7,2020-11-03,2020-11-03
25-34,male,2020-11-03,3324,3866,21.62,286,,2,5,2020-11-03,2020-11-03
45-54,male,2020-11-03,1636,1754,11.18,125,1,,2,2020-11-03,2020-11-03
45-54,female,2020-11-03,1352,1365,8.65,88,,,3,2020-11-03,2020-11-03
35-44,male,2020-11-03,5272,5858,33.23,383,2,4,11,2020-11-03,2020-11-03
25-34,female,2020-11-03,2868,3286,18.9,278,1,,1,2020-11-03,2020-11-03
65+,male,2020-11-03,8,9,0.06,0,,,,2020-11-03,2020-11-03
35-44,unknown,2020-11-03,16,27,0.14,0,,,,2020-11-03,2020-11-03
45-54,unknown,2020-11-03,0,3,0.02,0,,,,2020-11-03,2020-11-03
55-64,female,2020-11-03,0,1,0.01,0,,,,2020-11-03,2020-11-03
65+,female,2020-11-03,1,1,0,0,,,,2020-11-03,2020-11-03
65+,unknown,2020-11-03,4,4,0.02,0,,,,2020-11-03,2020-11-03
25-34,unknown,2020-11-03,4,4,0.03,0,,,,2020-11-03,2020-11-03
55-64,male,2020-11-03,4,5,0.07,1,,,,2020-11-03,2020-11-03
18-24,male,2020-11-03,304,324,1.75,33,,,,2020-11-03,2020-11-03
65+,female,2020-11-02,0,4,0.05,0,,,,2020-11-02,2020-11-02
25-34,female,2020-11-02,4032,4240,34.41,296,,,3,2020-11-02,2020-11-02
45-54,male,2020-11-02,2072,2134,13.52,90,,,4,2020-11-02,2020-11-02
65+,male,2020-11-02,6,6,0.04,0,,,,2020-11-02,2020-11-02
25-34,male,2020-11-02,4320,4635,35.72,273,,1,4,2020-11-02,2020-11-02
35-44,male,2020-11-02,6456,7088,45.88,394,1,3,9,2020-11-02,2020-11-02
35-44,female,2020-11-02,5960,6527,43.58,429,,2,15,2020-11-02,2020-11-02
45-54,female,2020-11-02,1808,1869,12.77,127,,,5,2020-11-02,2020-11-02
18-24,male,2020-11-02,481,481,4.94,17,,,,2020-11-02,2020-11-02
35-44,unknown,2020-11-02,24,30,0.19,3,,,,2020-11-02,2020-11-02
18-24,female,2020-11-02,456,462,4.21,22,,,,2020-11-02,2020-11-02
45-54,unknown,2020-11-02,4,4,0.05,0,,,,2020-11-02,2020-11-02
25-34,unknown,2020-11-02,0,9,0.1,0,,,,2020-11-02,2020-11-02
18-24,unknown,2020-11-02,0,2,0.01,0,,,,2020-11-02,2020-11-02
65+,unknown,2020-11-02,0,1,0,0,,,,2020-11-02,2020-11-02
55-64,male,2020-11-02,0,2,0.02,0,,,,2020-11-02,2020-11-02
18-24,female,2020-11-01,397,397,3.84,7,,,1,2020-11-01,2020-11-01
25-34,female,2020-11-01,3496,3785,31.23,211,,,4,2020-11-01,2020-11-01
45-54,female,2020-11-01,2208,2257,15.56,112,1,,2,2020-11-01,2020-11-01
35-44,male,2020-11-01,8064,8698,49.87,442,,2,8,2020-11-01,2020-11-01
45-54,male,2020-11-01,2560,2676,15.91,124,,1,2,2020-11-01,2020-11-01
25-34,unknown,2020-11-01,0,4,0.03,1,,,,2020-11-01,2020-11-01
25-34,male,2020-11-01,4328,4911,38.12,249,,3,3,2020-11-01,2020-11-01
35-44,female,2020-11-01,6768,7576,47.41,427,,,12,2020-11-01,2020-11-01
35-44,unknown,2020-11-01,16,27,0.14,1,,,,2020-11-01,2020-11-01
18-24,male,2020-11-01,336,430,3.99,15,,,1,2020-11-01,2020-11-01
65+,male,2020-11-01,0,26,0.06,1,,,,2020-11-01,2020-11-01
18-24,unknown,2020-11-01,1,1,0.01,0,,,,2020-11-01,2020-11-01
45-54,unknown,2020-11-01,6,6,0.05,0,,,,2020-11-01,2020-11-01
55-64,male,2020-11-01,0,2,0.04,0,,,,2020-11-01,2020-11-01
65+,female,2020-11-01,0,3,0.01,0,,,,2020-11-01,2020-11-01
55-64,female,2020-11-01,0,1,0.01,0,,,,2020-11-01,2020-11-01
35-44,unknown,2020-10-31,4,23,0.29,6,,,,2020-10-31,2020-10-31
35-44,female,2020-10-31,5060,5483,46.61,352,,1,8,2020-10-31,2020-10-31
18-24,male,2020-10-31,304,336,3.82,14,,,1,2020-10-31,2020-10-31
45-54,female,2020-10-31,1639,1639,13.93,120,,,5,2020-10-31,2020-10-31
45-54,male,2020-10-31,1796,1976,14.77,93,1,,2,2020-10-31,2020-10-31
35-44,male,2020-10-31,5536,6134,46.93,363,1,4,7,2020-10-31,2020-10-31
25-34,male,2020-10-31,3652,3990,39.58,242,,1,8,2020-10-31,2020-10-31
25-34,female,2020-10-31,3440,3606,37.64,248,,,6,2020-10-31,2020-10-31
65+,male,2020-10-31,4,7,0.04,0,,,,2020-10-31,2020-10-31
18-24,female,2020-10-31,352,382,4.94,14,,,2,2020-10-31,2020-10-31
45-54,unknown,2020-10-31,0,4,0.01,0,,,,2020-10-31,2020-10-31
25-34,unknown,2020-10-31,7,7,0.05,0,,,,2020-10-31,2020-10-31
55-64,female,2020-10-31,0,3,0.05,0,,,,2020-10-31,2020-10-31
65+,female,2020-10-31,0,3,0.05,0,,,,2020-10-31,2020-10-31
55-64,male,2020-10-31,4,12,0.19,0,,,,2020-10-31,2020-10-31
18-24,unknown,2020-10-31,0,1,0.03,0,,,,2020-10-31,2020-10-31
25-34,unknown,2020-10-30,11,11,0.12,1,,,,2020-10-30,2020-10-30
35-44,female,2020-10-30,4556,4838,44.02,281,2,1,8,2020-10-30,2020-10-30
45-54,female,2020-10-30,1388,1395,12.51,97,,1,4,2020-10-30,2020-10-30
35-44,male,2020-10-30,5020,5650,46.35,290,1,1,14,2020-10-30,2020-10-30
25-34,male,2020-10-30,3496,3975,38.82,236,,1,3,2020-10-30,2020-10-30
25-34,female,2020-10-30,3441,3441,36.4,234,1,,3,2020-10-30,2020-10-30
45-54,male,2020-10-30,1684,1891,15.77,108,,,6,2020-10-30,2020-10-30
18-24,male,2020-10-30,284,315,3.91,22,,,,2020-10-30,2020-10-30
35-44,unknown,2020-10-30,12,13,0.12,1,,,,2020-10-30,2020-10-30
18-24,female,2020-10-30,308,354,5.02,13,,,1,2020-10-30,2020-10-30
65+,female,2020-10-30,0,9,0.05,1,,,,2020-10-30,2020-10-30
55-64,male,2020-10-30,4,5,0.1,1,,,,2020-10-30,2020-10-30
55-64,female,2020-10-30,0,2,0.04,0,,,,2020-10-30,2020-10-30
65+,male,2020-10-30,8,9,0.1,0,,,,2020-10-30,2020-10-30
45-54,unknown,2020-10-30,0,2,0.02,0,,,,2020-10-30,2020-10-30
18-24,unknown,2020-10-30,0,1,0,0,,,,2020-10-30,2020-10-30
25-34,male,2020-10-29,3608,3639,39.37,227,1,3,4,2020-10-29,2020-10-29
35-44,male,2020-10-29,4536,5080,44.02,259,,2,9,2020-10-29,2020-10-29
65+,male,2020-10-29,4,9,0.05,2,,,,2020-10-29,2020-10-29
45-54,male,2020-10-29,1512,1746,15.35,108,,2,3,2020-10-29,2020-10-29
18-24,female,2020-10-29,409,409,6.38,14,,,,2020-10-29,2020-10-29
35-44,female,2020-10-29,4784,5081,46.07,332,,,9,2020-10-29,2020-10-29
25-34,female,2020-10-29,3544,3747,41.13,206,,,6,2020-10-29,2020-10-29
45-54,unknown,2020-10-29,0,1,0.01,0,,,,2020-10-29,2020-10-29
18-24,male,2020-10-29,300,326,4.31,14,,,,2020-10-29,2020-10-29
25-34,unknown,2020-10-29,4,5,0.05,0,,,,2020-10-29,2020-10-29
35-44,unknown,2020-10-29,8,15,0.14,0,,,,2020-10-29,2020-10-29
55-64,male,2020-10-29,0,2,0.15,0,,,,2020-10-29,2020-10-29
18-24,unknown,2020-10-29,0,2,0.02,0,,,,2020-10-29,2020-10-29
45-54,female,2020-10-29,1566,1566,14.4,86,,,2,2020-10-29,2020-10-29
35-44,male,2020-10-28,4412,4868,40.22,300,,4,7,2020-10-28,2020-10-28
45-54,female,2020-10-28,1688,1700,15.4,97,,,5,2020-10-28,2020-10-28
45-54,male,2020-10-28,1448,1633,13.58,85,4,,1,2020-10-28,2020-10-28
35-44,female,2020-10-28,4976,5220,44.02,347,2,1,8,2020-10-28,2020-10-28
25-34,female,2020-10-28,3764,3946,42.04,277,1,2,4,2020-10-28,2020-10-28
25-34,male,2020-10-28,3444,3801,38.01,223,,2,2,2020-10-28,2020-10-28
18-24,male,2020-10-28,324,428,5,25,,,1,2020-10-28,2020-10-28
25-34,unknown,2020-10-28,7,7,0.11,1,,,,2020-10-28,2020-10-28
18-24,female,2020-10-28,432,462,5.77,19,,,1,2020-10-28,2020-10-28
55-64,male,2020-10-28,7,7,0.2,1,,,,2020-10-28,2020-10-28
35-44,unknown,2020-10-28,12,12,0.1,0,,,,2020-10-28,2020-10-28
45-54,unknown,2020-10-28,6,6,0.03,0,,,,2020-10-28,2020-10-28
65+,male,2020-10-28,2,2,0,0,,,,2020-10-28,2020-10-28
65+,female,2020-10-28,2,2,0.02,0,,,,2020-10-28,2020-10-28
55-64,female,2020-10-28,0,2,0.02,0,,,,2020-10-28,2020-10-28
25-34,unknown,2020-10-27,8,14,0.16,2,,,,2020-10-27,2020-10-27
45-54,male,2020-10-27,1616,1692,13.16,96,,3,6,2020-10-27,2020-10-27
55-64,male,2020-10-27,4,4,0.03,3,,,,2020-10-27,2020-10-27
18-24,female,2020-10-27,496,524,6.13,23,,,,2020-10-27,2020-10-27
35-44,female,2020-10-27,4980,5231,42.52,370,,,13,2020-10-27,2020-10-27
45-54,female,2020-10-27,1664,1732,14.85,122,,,3,2020-10-27,2020-10-27
25-34,male,2020-10-27,3520,4033,37.12,238,1,,11,2020-10-27,2020-10-27
18-24,male,2020-10-27,324,356,3.93,21,,,,2020-10-27,2020-10-27
35-44,male,2020-10-27,4840,5390,40.15,373,,2,14,2020-10-27,2020-10-27
25-34,female,2020-10-27,4144,4262,44.37,336,,1,8,2020-10-27,2020-10-27
35-44,unknown,2020-10-27,18,18,0.26,1,,,,2020-10-27,2020-10-27
45-54,unknown,2020-10-27,2,2,0.03,0,,,,2020-10-27,2020-10-27
65+,female,2020-10-27,0,2,0.01,0,,,,2020-10-27,2020-10-27
65+,male,2020-10-27,4,4,0.13,0,,,,2020-10-27,2020-10-27
55-64,female,2020-10-27,3,3,0.04,0,,,,2020-10-27,2020-10-27
45-54,female,2020-10-26,1331,1331,11.279455282982,97,,,5,2020-10-26,2020-10-26
45-54,male,2020-10-26,1576,1838,14.119318137918,108,1,1,7,2020-10-26,2020-10-26
25-34,female,2020-10-26,3972,4142,44.12786893954,269,1,2,6,2020-10-26,2020-10-26
35-44,female,2020-10-26,4600,4859,42.497947653081,301,,1,9,2020-10-26,2020-10-26
25-34,male,2020-10-26,3952,4363,39.458094456249,318,1,1,7,2020-10-26,2020-10-26
18-24,female,2020-10-26,532,588,6.5596832142167,20,,1,1,2020-10-26,2020-10-26
35-44,unknown,2020-10-26,16,20,0.17999130770717,1,,,,2020-10-26,2020-10-26
35-44,male,2020-10-26,5424,6084,44.347858315627,392,3,3,12,2020-10-26,2020-10-26
18-24,male,2020-10-26,360,425,4.2997923507823,18,,,1,2020-10-26,2020-10-26
45-54,unknown,2020-10-26,6,6,0.049997585474213,0,,,,2020-10-26,2020-10-26
25-34,unknown,2020-10-26,4,7,0.049997585474213,0,,,,2020-10-26,2020-10-26
65+,female,2020-10-26,1,1,0.029998551284528,0,,,,2020-10-26,2020-10-26
55-64,female,2020-10-26,2,2,0,0,,,,2020-10-26,2020-10-26
65+,male,2020-10-26,3,3,0.049997585474213,0,,,,2020-10-26,2020-10-26
55-64,male,2020-10-26,3,3,0.0099995170948426,0,,,,2020-10-26,2020-10-26
18-24,unknown,2020-10-26,0,1,0.0099995170948426,0,,,,2020-10-26,2020-10-26
35-44,female,2020-10-25,7192,7940,59.55,684,,1,14,2020-10-25,2020-10-25
25-34,male,2020-10-25,4904,5288,50.45,390,,2,6,2020-10-25,2020-10-25
45-54,female,2020-10-25,2008,2207,17.38,148,,,8,2020-10-25,2020-10-25
25-34,female,2020-10-25,4336,4684,45.19,415,,7,10,2020-10-25,2020-10-25
18-24,male,2020-10-25,672,682,8.19,29,,1,2,2020-10-25,2020-10-25
45-54,male,2020-10-25,2384,2526,19.12,189,2,2,7,2020-10-25,2020-10-25
35-44,male,2020-10-25,7264,8045,58.33,641,1,2,18,2020-10-25,2020-10-25
55-64,female,2020-10-25,4,4,0.09,0,,,,2020-10-25,2020-10-25
18-24,female,2020-10-25,456,635,7.3,35,,,1,2020-10-25,2020-10-25
45-54,unknown,2020-10-25,0,3,0.01,0,,,,2020-10-25,2020-10-25
65+,female,2020-10-25,0,2,0.01,0,,,,2020-10-25,2020-10-25
25-34,unknown,2020-10-25,8,11,0.12,0,,,,2020-10-25,2020-10-25
18-24,unknown,2020-10-25,2,2,0.03,0,,,,2020-10-25,2020-10-25
35-44,unknown,2020-10-25,32,32,0.2,1,,,,2020-10-25,2020-10-25
25-34,male,2020-10-24,3020,3345,39.258265441371,279,,1,11,2020-10-24,2020-10-24
35-44,male,2020-10-24,4800,5185,50.367774586905,433,1,3,15,2020-10-24,2020-10-24
25-34,female,2020-10-24,3372,3470,39.518253954228,329,1,1,6,2020-10-24,2020-10-24
18-24,unknown,2020-10-24,0,1,0.0099995581867986,0,,,,2020-10-24,2020-10-24
45-54,unknown,2020-10-24,0,3,0.029998674560396,0,,,,2020-10-24,2020-10-24
25-34,unknown,2020-10-24,0,7,0.23998939648317,2,,,,2020-10-24,2020-10-24
35-44,unknown,2020-10-24,28,30,0.7599664221967,1,,,,2020-10-24,2020-10-24
18-24,male,2020-10-24,420,450,7.0396889635062,23,,,1,2020-10-24,2020-10-24
45-54,female,2020-10-24,1624,1735,15.149330653,143,,1,5,2020-10-24,2020-10-24
35-44,female,2020-10-24,5368,5814,51.897706989485,526,,4,14,2020-10-24,2020-10-24
45-54,male,2020-10-24,1616,1708,15.869298842449,142,,1,6,2020-10-24,2020-10-24
18-24,female,2020-10-24,396,450,6.159727843068,26,,,1,2020-10-24,2020-10-24
55-64,female,2020-10-24,0,1,0,0,,,,2020-10-24,2020-10-24
65+,female,2020-10-24,0,2,0.019999116373597,0,,,,2020-10-24,2020-10-24
65+,male,2020-10-24,1,1,0.0099995581867986,0,,,,2020-10-24,2020-10-24
45-54,male,2020-10-23,1472,1615,14.34,107,,,3,2020-10-23,2020-10-23
45-54,unknown,2020-10-23,0,2,0.06,1,,,,2020-10-23,2020-10-23
18-24,female,2020-10-23,540,576,7.93,23,,,,2020-10-23,2020-10-23
25-34,female,2020-10-23,3912,4000,41.46,371,,1,11,2020-10-23,2020-10-23
35-44,unknown,2020-10-23,8,19,0.19,2,,,,2020-10-23,2020-10-23
45-54,female,2020-10-23,1635,1635,13.12,111,,,5,2020-10-23,2020-10-23
25-34,male,2020-10-23,3264,3708,44.99,287,,3,8,2020-10-23,2020-10-23
35-44,female,2020-10-23,5708,6244,50.07,631,1,7,18,2020-10-23,2020-10-23
55-64,male,2020-10-23,4,4,0.07,0,,,,2020-10-23,2020-10-23
65+,male,2020-10-23,0,2,0,0,,,,2020-10-23,2020-10-23
35-44,male,2020-10-23,4920,5360,51.24,418,,3,19,2020-10-23,2020-10-23
18-24,unknown,2020-10-23,4,4,0.05,0,,,,2020-10-23,2020-10-23
18-24,male,2020-10-23,512,601,9.55,15,,,1,2020-10-23,2020-10-23
25-34,unknown,2020-10-23,8,9,0.1,0,,,,2020-10-23,2020-10-23
18-24,male,2020-10-22,408,512,7.8897060905196,29,,,,2020-10-22,2020-10-22
35-44,male,2020-10-22,5344,6181,57.927842056249,559,,6,16,2020-10-22,2020-10-22
45-54,male,2020-10-22,1640,1794,14.879445706836,152,1,1,3,2020-10-22,2020-10-22
45-54,female,2020-10-22,1648,1699,15.009440864221,175,,1,9,2020-10-22,2020-10-22
25-34,male,2020-10-22,3864,4025,48.158205997392,342,3,5,8,2020-10-22,2020-10-22
25-34,female,2020-10-22,4120,4602,53.328013410318,468,,3,6,2020-10-22,2020-10-22
35-44,female,2020-10-22,6776,7145,61.767699012852,811,,5,19,2020-10-22,2020-10-22
18-24,female,2020-10-22,555,555,8.7896725647234,38,,,,2020-10-22,2020-10-22
35-44,unknown,2020-10-22,16,32,0.42998398211958,4,,,,2020-10-22,2020-10-22
25-34,unknown,2020-10-22,0,5,0.079997019929223,0,,,,2020-10-22,2020-10-22
18-24,unknown,2020-10-22,0,4,0.079997019929223,1,,,,2020-10-22,2020-10-22
65+,female,2020-10-22,0,4,0.029998882473459,0,,,,2020-10-22,2020-10-22
65+,male,2020-10-22,4,4,0.0099996274911529,0,,,,2020-10-22,2020-10-22
55-64,male,2020-10-22,0,1,0.029998882473459,0,,,,2020-10-22,2020-10-22
55-64,female,2020-10-22,0,1,0.019999254982306,0,,,,2020-10-22,2020-10-22
45-54,unknown,2020-10-22,3,3,0.0099996274911529,0,,,,2020-10-22,2020-10-22
35-44,female,2020-10-21,5616,6434,55.782106654581,786,1,6,24,2020-10-21,2020-10-21
35-44,unknown,2020-10-21,24,24,0.34001284084901,3,,,,2020-10-21,2020-10-21
18-24,female,2020-10-21,560,582,7.6402885414306,35,,,1,2020-10-21,2020-10-21
18-24,male,2020-10-21,544,583,7.8602968502153,30,,,1,2020-10-21,2020-10-21
25-34,male,2020-10-21,3824,4483,50.731915930206,420,,2,12,2020-10-21,2020-10-21
25-34,female,2020-10-21,4136,4367,53.722028854143,438,1,1,12,2020-10-21,2020-10-21
35-44,male,2020-10-21,6216,6623,58.172196918196,654,2,5,12,2020-10-21,2020-10-21
25-34,unknown,2020-10-21,8,8,0.11000415439233,0,,,,2020-10-21,2020-10-21
45-54,male,2020-10-21,1672,1962,16.670629579273,201,,1,4,2020-10-21,2020-10-21
45-54,unknown,2020-10-21,3,3,0,0,,,,2020-10-21,2020-10-21
65+,male,2020-10-21,0,2,0.020000755344059,0,,,,2020-10-21,2020-10-21
65+,female,2020-10-21,0,1,0.020000755344059,0,,,,2020-10-21,2020-10-21
55-64,female,2020-10-21,0,3,0.070002643704207,0,,,,2020-10-21,2020-10-21
18-24,unknown,2020-10-21,0,1,0.030001133016089,0,,,,2020-10-21,2020-10-21
45-54,female,2020-10-21,1488,1533,13.620514389304,157,,2,9,2020-10-21,2020-10-21
25-34,male,2020-10-20,2992,3339,39.89,269,2,,7,2020-10-20,2020-10-20
25-34,unknown,2020-10-20,8,10,0.12,1,,,,2020-10-20,2020-10-20
45-54,unknown,2020-10-20,7,7,0.11,2,,,,2020-10-20,2020-10-20
18-24,male,2020-10-20,344,380,4.8,18,,,2,2020-10-20,2020-10-20
45-54,male,2020-10-20,1740,1803,17.39,193,,8,9,2020-10-20,2020-10-20
35-44,male,2020-10-20,5084,5668,53.38,508,3,1,21,2020-10-20,2020-10-20
18-24,female,2020-10-20,580,588,7.99,30,,,2,2020-10-20,2020-10-20
25-34,female,2020-10-20,4124,4391,60.67,414,,,12,2020-10-20,2020-10-20
35-44,female,2020-10-20,5664,6265,63.89,725,1,5,29,2020-10-20,2020-10-20
45-54,female,2020-10-20,1528,1690,17.06,190,,1,10,2020-10-20,2020-10-20
35-44,unknown,2020-10-20,33,33,0.42,2,,,,2020-10-20,2020-10-20
55-64,male,2020-10-20,0,5,0.07,0,,,,2020-10-20,2020-10-20
65+,male,2020-10-20,5,5,0.03,0,,,,2020-10-20,2020-10-20
55-64,female,2020-10-20,0,5,0.06,0,,,,2020-10-20,2020-10-20
35-44,female,2020-10-19,5408,5973,58.722183224271,723,,1,34,2020-10-19,2020-10-19
18-24,unknown,2020-10-19,2,2,0.030001115407496,1,,,1,2020-10-19,2020-10-19
25-34,female,2020-10-19,5971,5971,77.922897085068,549,,1,16,2020-10-19,2020-10-19
45-54,male,2020-10-19,1472,1536,13.310494869126,169,,3,4,2020-10-19,2020-10-19
35-44,male,2020-10-19,4712,5475,45.651697278406,546,5,3,27,2020-10-19,2020-10-19
25-34,male,2020-10-19,3864,4094,40.831518069601,365,4,1,9,2020-10-19,2020-10-19
35-44,unknown,2020-10-19,8,29,0.39001450029744,2,,,,2020-10-19,2020-10-19
45-54,female,2020-10-19,1272,1474,14.320532421178,179,,,13,2020-10-19,2020-10-19
45-54,unknown,2020-10-19,0,4,0.040001487209994,0,,,,2020-10-19,2020-10-19
18-24,male,2020-10-19,465,465,4.9401836704343,33,,,,2020-10-19,2020-10-19
25-34,unknown,2020-10-19,0,14,0.13000483343248,0,,,,2020-10-19,2020-10-19
55-64,female,2020-10-19,0,3,0.010000371802499,0,,,,2020-10-19,2020-10-19
65+,male,2020-10-19,4,4,0,0,,,,2020-10-19,2020-10-19
65+,female,2020-10-19,0,2,0.010000371802499,0,,,,2020-10-19,2020-10-19
55-64,male,2020-10-19,0,4,0.07000260261749,0,,,,2020-10-19,2020-10-19
18-24,female,2020-10-19,960,986,12.590468099346,65,,,2,2020-10-19,2020-10-19
35-44,male,2020-10-18,7168,8726,66.27,734,4,4,30,2020-10-18,2020-10-18
35-44,unknown,2020-10-18,32,60,0.63,8,,,1,2020-10-18,2020-10-18
25-34,unknown,2020-10-18,27,27,0.44,3,,,,2020-10-18,2020-10-18
18-24,female,2020-10-18,1549,1549,16.63,109,,,1,2020-10-18,2020-10-18
18-24,male,2020-10-18,864,904,8.65,46,,,2,2020-10-18,2020-10-18
35-44,female,2020-10-18,8248,9195,86.14,938,2,2,34,2020-10-18,2020-10-18
25-34,female,2020-10-18,8712,9205,104.85,747,2,2,13,2020-10-18,2020-10-18
55-64,female,2020-10-18,0,3,0,1,,,,2020-10-18,2020-10-18
25-34,male,2020-10-18,6168,6865,59.86,525,4,4,15,2020-10-18,2020-10-18
45-54,female,2020-10-18,1744,1797,18.45,234,,2,15,2020-10-18,2020-10-18
45-54,male,2020-10-18,1704,1999,17.63,192,,3,10,2020-10-18,2020-10-18
45-54,unknown,2020-10-18,8,8,0.27,0,,,,2020-10-18,2020-10-18
65+,female,2020-10-18,0,2,0.06,0,,,,2020-10-18,2020-10-18
55-64,male,2020-10-18,0,3,0.02,0,,,,2020-10-18,2020-10-18
65+,male,2020-10-18,0,3,0.01,0,,,,2020-10-18,2020-10-18
25-34,female,2020-10-17,6032,6269,80.27,565,3,3,12,2020-10-17,2020-10-17
18-24,male,2020-10-17,839,839,9.56,52,,,1,2020-10-17,2020-10-17
35-44,male,2020-10-17,6520,7145,61.61,662,1,6,22,2020-10-17,2020-10-17
45-54,male,2020-10-17,1600,1747,15.56,205,2,,9,2020-10-17,2020-10-17
45-54,female,2020-10-17,1227,1227,12.4,167,,1,9,2020-10-17,2020-10-17
25-34,male,2020-10-17,5304,5858,62.79,490,1,4,13,2020-10-17,2020-10-17
35-44,female,2020-10-17,6328,6542,67.84,724,2,3,15,2020-10-17,2020-10-17
18-24,female,2020-10-17,920,984,11.54,60,,,,2020-10-17,2020-10-17
45-54,unknown,2020-10-17,0,4,0.04,0,,,,2020-10-17,2020-10-17
25-34,unknown,2020-10-17,16,20,0.25,2,,,,2020-10-17,2020-10-17
18-24,unknown,2020-10-17,1,1,0.02,0,,,,2020-10-17,2020-10-17
35-44,unknown,2020-10-17,24,56,0.48,3,,,,2020-10-17,2020-10-17
55-64,female,2020-10-17,0,5,0.02,0,,,,2020-10-17,2020-10-17
65+,female,2020-10-17,0,11,0.12,3,,,,2020-10-17,2020-10-17
65+,male,2020-10-17,8,9,0.08,0,,,,2020-10-17,2020-10-17
55-64,male,2020-10-17,0,4,0.04,0,,,,2020-10-17,2020-10-17
18-24,male,2020-10-16,752,797,9.19,49,,,4,2020-10-16,2020-10-16
18-24,female,2020-10-16,826,826,10.21,54,1,,2,2020-10-16,2020-10-16
45-54,male,2020-10-16,1360,1531,14.3,209,2,1,12,2020-10-16,2020-10-16
25-34,female,2020-10-16,4752,5335,63.03,488,1,4,15,2020-10-16,2020-10-16
25-34,male,2020-10-16,5008,5462,56.99,551,3,9,13,2020-10-16,2020-10-16
35-44,female,2020-10-16,5384,5865,54.56,717,,8,23,2020-10-16,2020-10-16
45-54,female,2020-10-16,888,1026,8.57,122,,1,3,2020-10-16,2020-10-16
35-44,male,2020-10-16,6120,6891,61.69,735,4,6,28,2020-10-16,2020-10-16
35-44,unknown,2020-10-16,24,38,0.4,6,,,,2020-10-16,2020-10-16
65+,female,2020-10-16,0,1,0.02,1,,,,2020-10-16,2020-10-16
45-54,unknown,2020-10-16,0,4,0.01,0,,,,2020-10-16,2020-10-16
25-34,unknown,2020-10-16,18,18,0.26,0,,,,2020-10-16,2020-10-16
18-24,unknown,2020-10-16,0,4,0.03,0,,,,2020-10-16,2020-10-16
55-64,female,2020-10-16,0,1,0.01,0,,,,2020-10-16,2020-10-16
55-64,male,2020-10-16,0,3,0.02,0,,,,2020-10-16,2020-10-16
65+,male,2020-10-16,7,7,0.05,0,,,,2020-10-16,2020-10-16
45-54,female,2020-10-15,914,914,7.8405597201399,125,,,9,2020-10-15,2020-10-15
18-24,male,2020-10-15,824,870,9.4106718069537,61,,1,3,2020-10-15,2020-10-15
45-54,male,2020-10-15,1696,1797,16.08114799743,220,,3,18,2020-10-15,2020-10-15
25-34,female,2020-10-15,4488,4732,56.344022274577,485,3,4,4,2020-10-15,2020-10-15
35-44,female,2020-10-15,4944,5428,49.163509673735,605,,2,22,2020-10-15,2020-10-15
35-44,male,2020-10-15,7768,8296,70.495032483758,905,3,10,22,2020-10-15,2020-10-15
25-34,male,2020-10-15,5352,5949,59.914277147141,549,,4,11,2020-10-15,2020-10-15
18-24,female,2020-10-15,712,806,10.170726065539,52,1,,,2020-10-15,2020-10-15
35-44,unknown,2020-10-15,45,45,0.43003069893625,2,,,,2020-10-15,2020-10-15
45-54,unknown,2020-10-15,0,5,0.040002855715,1,,,,2020-10-15,2020-10-15
55-64,male,2020-10-15,0,8,0.13000928107375,1,,,,2020-10-15,2020-10-15
18-24,unknown,2020-10-15,0,1,0,0,,,,2020-10-15,2020-10-15
25-34,unknown,2020-10-15,11,11,0.1000071392875,0,,,,2020-10-15,2020-10-15
65+,male,2020-10-15,3,3,0.0200014278575,0,,,,2020-10-15,2020-10-15
65+,female,2020-10-15,0,1,0.0200014278575,0,,,,2020-10-15,2020-10-15
35-44,unknown,2020-10-14,24,49,0.44,3,,,,2020-10-14,2020-10-14
18-24,male,2020-10-14,680,763,7.87,47,,,2,2020-10-14,2020-10-14
25-34,male,2020-10-14,4928,5762,54.28,493,5,5,13,2020-10-14,2020-10-14
25-34,female,2020-10-14,4952,5438,64.71,448,,1,5,2020-10-14,2020-10-14
45-54,male,2020-10-14,1760,1842,15.48,225,1,2,7,2020-10-14,2020-10-14
35-44,female,2020-10-14,5496,5817,50.67,663,1,6,15,2020-10-14,2020-10-14
18-24,female,2020-10-14,832,903,10.8,68,1,,,2020-10-14,2020-10-14
45-54,female,2020-10-14,1040,1172,10.13,133,,,3,2020-10-14,2020-10-14
25-34,unknown,2020-10-14,24,24,0.22,1,,,,2020-10-14,2020-10-14
35-44,male,2020-10-14,6928,7909,62.54,766,3,6,22,2020-10-14,2020-10-14
45-54,unknown,2020-10-14,6,6,0.04,0,,,,2020-10-14,2020-10-14
65+,female,2020-10-14,4,4,0.13,2,,,,2020-10-14,2020-10-14
18-24,unknown,2020-10-14,1,1,0.01,0,,,,2020-10-14,2020-10-14
55-64,male,2020-10-14,0,10,0.16,0,,,,2020-10-14,2020-10-14
55-64,female,2020-10-14,5,5,0.06,0,,,,2020-10-14,2020-10-14
65+,male,2020-10-14,6,6,0.03,0,,,,2020-10-14,2020-10-14
35-44,male,2020-10-13,6296,7100,60.98,721,7,7,25,2020-10-13,2020-10-13
35-44,female,2020-10-13,6120,6261,56.61,727,1,3,26,2020-10-13,2020-10-13
25-34,male,2020-10-13,4648,5361,51.78,460,1,2,9,2020-10-13,2020-10-13
18-24,female,2020-10-13,712,781,8.55,45,,,1,2020-10-13,2020-10-13
25-34,female,2020-10-13,5440,5714,67.16,511,,1,17,2020-10-13,2020-10-13
45-54,male,2020-10-13,1512,1606,14.44,204,1,3,8,2020-10-13,2020-10-13
45-54,female,2020-10-13,1200,1226,11.91,160,1,1,10,2020-10-13,2020-10-13
18-24,male,2020-10-13,568,639,7.43,45,,,3,2020-10-13,2020-10-13
25-34,unknown,2020-10-13,8,18,0.17,1,,,,2020-10-13,2020-10-13
35-44,unknown,2020-10-13,24,50,0.43,4,,,,2020-10-13,2020-10-13
55-64,male,2020-10-13,0,10,0.12,2,,,,2020-10-13,2020-10-13
45-54,unknown,2020-10-13,8,9,0.1,1,,,,2020-10-13,2020-10-13
18-24,unknown,2020-10-13,1,1,0,0,,,,2020-10-13,2020-10-13
65+,female,2020-10-13,2,2,0.03,0,,,,2020-10-13,2020-10-13
55-64,female,2020-10-13,6,6,0.06,1,,,,2020-10-13,2020-10-13
65+,male,2020-10-13,0,8,0.05,0,,,,2020-10-13,2020-10-13
25-34,unknown,2020-10-12,15,15,0.14,1,,,,2020-10-12,2020-10-12
45-54,male,2020-10-12,1580,1580,15.07,179,1,2,8,2020-10-12,2020-10-12
25-34,male,2020-10-12,5232,5754,51,431,3,2,12,2020-10-12,2020-10-12
45-54,female,2020-10-12,936,1018,8.7,121,,2,10,2020-10-12,2020-10-12
35-44,male,2020-10-12,7368,7735,60.8,756,3,4,22,2020-10-12,2020-10-12
18-24,female,2020-10-12,871,871,9.89,61,,,1,2020-10-12,2020-10-12
25-34,female,2020-10-12,5024,5159,55.38,461,2,,11,2020-10-12,2020-10-12
35-44,female,2020-10-12,5816,6410,55.4,651,4,,23,2020-10-12,2020-10-12
18-24,male,2020-10-12,795,795,7.91,50,,,1,2020-10-12,2020-10-12
35-44,unknown,2020-10-12,47,47,0.52,2,,,,2020-10-12,2020-10-12
65+,female,2020-10-12,4,4,0.08,1,,,,2020-10-12,2020-10-12
45-54,unknown,2020-10-12,0,6,0.09,0,,,,2020-10-12,2020-10-12
55-64,male,2020-10-12,0,8,0.06,0,,,,2020-10-12,2020-10-12
55-64,female,2020-10-12,0,6,0.1,0,,,,2020-10-12,2020-10-12
65+,male,2020-10-12,0,3,0.02,0,,,,2020-10-12,2020-10-12
45-54,male,2020-10-11,1616,1766,16.78,255,1,2,13,2020-10-11,2020-10-11
35-44,male,2020-10-11,8296,9118,82.64,997,3,3,34,2020-10-11,2020-10-11
25-34,male,2020-10-11,5600,6422,63.83,530,,1,13,2020-10-11,2020-10-11
35-44,female,2020-10-11,7952,8766,84.29,985,1,4,23,2020-10-11,2020-10-11
18-24,male,2020-10-11,821,821,8.17,51,1,,2,2020-10-11,2020-10-11
45-54,unknown,2020-10-11,0,9,0.2,6,,,1,2020-10-11,2020-10-11
25-34,unknown,2020-10-11,28,28,0.32,2,,,,2020-10-11,2020-10-11
25-34,female,2020-10-11,5744,6149,75.12,550,,1,9,2020-10-11,2020-10-11
55-64,female,2020-10-11,0,8,0.09,2,,,,2020-10-11,2020-10-11
45-54,female,2020-10-11,1464,1693,15.82,243,,1,10,2020-10-11,2020-10-11
35-44,unknown,2020-10-11,40,70,0.9,5,,,,2020-10-11,2020-10-11
65+,female,2020-10-11,0,3,0.03,0,,,,2020-10-11,2020-10-11
55-64,male,2020-10-11,0,5,0.06,0,,,,2020-10-11,2020-10-11
65+,male,2020-10-11,0,6,0.04,0,,,,2020-10-11,2020-10-11
18-24,unknown,2020-10-11,0,4,0.06,0,,,,2020-10-11,2020-10-11
18-24,female,2020-10-11,918,918,10.06,64,,,3,2020-10-11,2020-10-11
18-24,male,2020-10-10,792,906,9.98,82,2,,1,2020-10-10,2020-10-10
55-64,female,2020-10-10,8,8,0.08,2,,,,2020-10-10,2020-10-10
45-54,unknown,2020-10-10,0,5,0.14,1,,,,2020-10-10,2020-10-10
45-54,female,2020-10-10,644,644,9.76,98,,,6,2020-10-10,2020-10-10
25-34,unknown,2020-10-10,32,34,0.35,3,,,,2020-10-10,2020-10-10
18-24,female,2020-10-10,848,879,11.06,74,,,3,2020-10-10,2020-10-10
35-44,female,2020-10-10,6658,6658,71.53,735,1,8,25,2020-10-10,2020-10-10
35-44,male,2020-10-10,6592,6899,78.71,747,4,7,28,2020-10-10,2020-10-10
35-44,unknown,2020-10-10,65,65,0.85,11,,,,2020-10-10,2020-10-10
25-34,male,2020-10-10,5872,6561,77.25,606,5,6,12,2020-10-10,2020-10-10
25-34,female,2020-10-10,5728,6200,77.54,616,1,3,19,2020-10-10,2020-10-10
45-54,male,2020-10-10,864,889,15.07,101,2,,5,2020-10-10,2020-10-10
65+,female,2020-10-10,0,10,0.12,2,,,,2020-10-10,2020-10-10
65+,male,2020-10-10,4,4,0.05,0,,,,2020-10-10,2020-10-10
55-64,male,2020-10-10,0,7,0.09,1,,,,2020-10-10,2020-10-10
18-24,unknown,2020-10-10,0,1,0.01,0,,,,2020-10-10,2020-10-10
25-34,female,2020-10-09,3160,3330,35.13,341,,,7,2020-10-09,2020-10-09
25-34,male,2020-10-09,2348,2573,25.44,281,1,2,8,2020-10-09,2020-10-09
35-44,male,2020-10-09,1888,1964,16.5,197,3,,7,2020-10-09,2020-10-09
18-24,female,2020-10-09,494,494,5.81,47,,,,2020-10-09,2020-10-09
35-44,female,2020-10-09,2508,2603,22,301,,3,6,2020-10-09,2020-10-09
45-54,male,2020-10-09,8,10,0.14,7,,,2,2020-10-09,2020-10-09
18-24,male,2020-10-09,312,360,3.84,29,,,,2020-10-09,2020-10-09
45-54,female,2020-10-09,4,9,0.14,1,,,,2020-10-09,2020-10-09
55-64,female,2020-10-09,0,4,0.05,1,,,,2020-10-09,2020-10-09
25-34,unknown,2020-10-09,7,7,0.06,0,,,,2020-10-09,2020-10-09
35-44,unknown,2020-10-09,16,22,0.25,1,,,,2020-10-09,2020-10-09
65+,male,2020-10-09,0,2,0.02,0,,,,2020-10-09,2020-10-09
65+,female,2020-10-09,0,1,0.04,0,,,,2020-10-09,2020-10-09
18-24,unknown,2020-10-09,1,1,0.02,0,,,,2020-10-09,2020-10-09
18-24,female,2020-10-08,267,267,2.73,27,,,,2020-10-08,2020-10-08
35-44,unknown,2020-10-08,17,17,0.15,3,,,,2020-10-08,2020-10-08
35-44,female,2020-10-08,2506,2599,21.43,324,1,3,6,2020-10-08,2020-10-08
18-24,male,2020-10-08,270,281,2.84,30,,,,2020-10-08,2020-10-08
25-34,unknown,2020-10-08,5,5,0.05,1,,,1,2020-10-08,2020-10-08
25-34,male,2020-10-08,2274,2333,19.82,238,3,1,6,2020-10-08,2020-10-08
25-34,female,2020-10-08,2752,2841,26.83,365,,1,10,2020-10-08,2020-10-08
35-44,male,2020-10-08,2166,2196,16.94,236,,,6,2020-10-08,2020-10-08
18-24,unknown,2020-10-08,1,1,0.01,0,,,,2020-10-08,2020-10-08
35-44,unknown,2020-10-07,8,18,0.19005861935981,3,,,,2020-10-07,2020-10-07
35-44,female,2020-10-07,3184,3287,29.219011955264,357,,2,15,2020-10-07,2020-10-07
18-24,male,2020-10-07,464,478,5.1815981488623,24,,,,2020-10-07,2020-10-07
25-34,male,2020-10-07,2704,2753,28.35874662553,242,3,,7,2020-10-07,2020-10-07
18-24,female,2020-10-07,576,590,7.6123478596221,38,,,,2020-10-07,2020-10-07
25-34,female,2020-10-07,3156,3235,38.101751639028,296,1,,10,2020-10-07,2020-10-07
35-44,male,2020-10-07,2577,2577,20.776408021597,242,1,1,12,2020-10-07,2020-10-07
25-34,unknown,2020-10-07,23,23,0.23007096027767,3,,,,2020-10-07,2020-10-07
18-24,unknown,2020-10-07,1,1,0.020006170458928,0,,,,2020-10-07,2020-10-07
25-34,female,2020-10-06,3392,3554,42.51,284,1,,6,2020-10-06,2020-10-06
18-24,male,2020-10-06,448,501,4.29,24,,1,,2020-10-06,2020-10-06
35-44,female,2020-10-06,2896,3039,26.1,332,,1,14,2020-10-06,2020-10-06
18-24,female,2020-10-06,816,816,9.77,55,,,3,2020-10-06,2020-10-06
35-44,male,2020-10-06,2944,2969,20.69,275,,3,13,2020-10-06,2020-10-06
25-34,male,2020-10-06,2732,3002,25.33,208,,,9,2020-10-06,2020-10-06
35-44,unknown,2020-10-06,25,25,0.32,4,,,,2020-10-06,2020-10-06
25-34,unknown,2020-10-06,29,29,0.35,1,,,,2020-10-06,2020-10-06
18-24,unknown,2020-10-06,0,2,0.03,0,,,,2020-10-06,2020-10-06
25-34,male,2020-10-05,3244,3312,32.13,234,1,2,5,2020-10-05,2020-10-05
35-44,female,2020-10-05,3004,3068,26.71,296,,3,14,2020-10-05,2020-10-05
25-34,female,2020-10-05,3691,3690,38.98,282,1,1,8,2020-10-05,2020-10-05
35-44,male,2020-10-05,2352,2352,19.23,202,,1,5,2020-10-05,2020-10-05
18-24,female,2020-10-05,621,621,6.58,36,,,,2020-10-05,2020-10-05
18-24,male,2020-10-05,524,540,5.06,33,,,1,2020-10-05,2020-10-05
35-44,unknown,2020-10-05,20,36,0.36,4,,,,2020-10-05,2020-10-05
25-34,unknown,2020-10-05,4,27,0.36,7,,,,2020-10-05,2020-10-05
18-24,unknown,2020-10-05,3,3,0.03,0,,,,2020-10-05,2020-10-05
35-44,male,2020-10-04,2416,2477,17.55,250,1,2,10,2020-10-04,2020-10-04
25-34,female,2020-10-04,4864,4938,41.61,447,1,1,13,2020-10-04,2020-10-04
18-24,female,2020-10-04,926,926,7.21,58,,,2,2020-10-04,2020-10-04
35-44,female,2020-10-04,3732,3732,26.95,448,1,,18,2020-10-04,2020-10-04
35-44,unknown,2020-10-04,20,29,0.27,3,,,,2020-10-04,2020-10-04
25-34,male,2020-10-04,4151,4151,31.67,299,1,,13,2020-10-04,2020-10-04
18-24,male,2020-10-04,688,688,4.92,33,,,,2020-10-04,2020-10-04
25-34,unknown,2020-10-04,19,19,0.09,0,,,,2020-10-04,2020-10-04
18-24,unknown,2020-10-04,1,1,0,0,,,,2020-10-04,2020-10-04
18-24,female,2020-10-03,808,822,6.06,58,,,2,2020-10-03,2020-10-03
35-44,male,2020-10-03,2136,2281,19.34,223,1,4,13,2020-10-03,2020-10-03
18-24,male,2020-10-03,840,868,6.57,58,,,1,2020-10-03,2020-10-03
25-34,female,2020-10-03,3768,3861,31.78,364,,1,10,2020-10-03,2020-10-03
35-44,female,2020-10-03,3020,3026,22.18,313,,1,18,2020-10-03,2020-10-03
25-34,male,2020-10-03,4272,4297,37.45,302,3,1,2,2020-10-03,2020-10-03
35-44,unknown,2020-10-03,16,25,0.22,4,,,,2020-10-03,2020-10-03
25-34,unknown,2020-10-03,8,20,0.19,1,,,,2020-10-03,2020-10-03
18-24,unknown,2020-10-03,0,1,0.01,0,,,,2020-10-03,2020-10-03
18-24,female,2020-10-02,778,778,6.18,85,,1,2,2020-10-02,2020-10-02
35-44,male,2020-10-02,1406,1454,10.68,137,,3,4,2020-10-02,2020-10-02
25-34,female,2020-10-02,3294,3309,26.63,302,,1,16,2020-10-02,2020-10-02
25-34,male,2020-10-02,2252,2297,18.08,223,1,1,9,2020-10-02,2020-10-02
35-44,unknown,2020-10-02,14,18,0.22,0,,,,2020-10-02,2020-10-02
18-24,male,2020-10-02,530,530,3.79,80,,,2,2020-10-02,2020-10-02
25-34,unknown,2020-10-02,10,15,0.1,0,,,,2020-10-02,2020-10-02
35-44,female,2020-10-02,2198,2266,16.74,246,2,,12,2020-10-02,2020-10-02
25-34,male,2020-10-01,1570,1636,9.56,201,,4,9,2020-10-01,2020-10-01
18-24,female,2020-10-01,548,598,3.63,88,,1,1,2020-10-01,2020-10-01
35-44,male,2020-10-01,1262,1271,7.2,158,,8,5,2020-10-01,2020-10-01
18-24,male,2020-10-01,270,290,1.78,37,,1,1,2020-10-01,2020-10-01
35-44,unknown,2020-10-01,20,20,0.11,4,,,,2020-10-01,2020-10-01
25-34,female,2020-10-01,3528,3656,21.97,581,,2,10,2020-10-01,2020-10-01
35-44,female,2020-10-01,2954,3099,19.74,437,,4,24,2020-10-01,2020-10-01
25-34,unknown,2020-10-01,5,5,0.02,0,,,,2020-10-01,2020-10-01
18-24,unknown,2020-10-01,0,1,0.01,0,,,,2020-10-01,2020-10-01
18-24,female,2020-09-30,470,477,3.39,58,,1,1,2020-09-30,2020-09-30
18-24,male,2020-09-30,154,169,1.21,20,,,,2020-09-30,2020-09-30
35-44,male,2020-09-30,956,1001,7.18,113,1,2,7,2020-09-30,2020-09-30
25-34,female,2020-09-30,2584,2719,18.84,355,,1,9,2020-09-30,2020-09-30
25-34,male,2020-09-30,724,737,5.56,66,,,4,2020-09-30,2020-09-30
35-44,female,2020-09-30,3364,3685,27.93,484,,3,13,2020-09-30,2020-09-30
35-44,unknown,2020-09-30,15,15,0.11,0,,,,2020-09-30,2020-09-30
25-34,unknown,2020-09-30,4,5,0.04,0,,,,2020-09-30,2020-09-30
18-24,unknown,2020-09-30,2,2,0.01,0,,,,2020-09-30,2020-09-30
25-34,male,2020-09-29,1672,1785,15.59,161,,2,10,2020-09-29,2020-09-29
18-24,male,2020-09-29,294,299,2.42,26,,,,2020-09-29,2020-09-29
18-24,female,2020-09-29,224,227,1.92,26,,,1,2020-09-29,2020-09-29
35-44,male,2020-09-29,1136,1286,11.78,139,,1,7,2020-09-29,2020-09-29
35-44,female,2020-09-29,1738,1925,16.41,246,,2,8,2020-09-29,2020-09-29
25-34,female,2020-09-29,1464,1584,13.99,181,,1,7,2020-09-29,2020-09-29
35-44,unknown,2020-09-29,8,12,0.14,2,,,,2020-09-29,2020-09-29
25-34,unknown,2020-09-29,10,14,0.08,0,,,,2020-09-29,2020-09-29
18-24,unknown,2020-09-29,3,3,0.02,0,,,,2020-09-29,2020-09-29
25-34,male,2020-09-28,2224,2362,18.92,322,2,,14,2020-09-28,2020-09-28
35-44,unknown,2020-09-28,12,12,0.11,4,,,,2020-09-28,2020-09-28
18-24,female,2020-09-28,386,406,3,59,,,,2020-09-28,2020-09-28
35-44,female,2020-09-28,1066,1145,9.15,179,,,7,2020-09-28,2020-09-28
35-44,male,2020-09-28,850,879,7.09,120,,2,9,2020-09-28,2020-09-28
25-34,female,2020-09-28,1998,2025,16.11,299,,4,7,2020-09-28,2020-09-28
18-24,male,2020-09-28,467,467,3.35,62,,,,2020-09-28,2020-09-28
25-34,unknown,2020-09-28,6,9,0.06,2,,,,2020-09-28,2020-09-28
18-24,unknown,2020-09-28,2,2,0.02,1,,,,2020-09-28,2020-09-28
35-44,female,2020-09-27,1314,1389,10.53,188,,,6,2020-09-27,2020-09-27
18-24,male,2020-09-27,210,251,2.15,21,,,2,2020-09-27,2020-09-27
18-24,female,2020-09-27,370,384,3.38,26,,,3,2020-09-27,2020-09-27
35-44,male,2020-09-27,878,912,6.94,106,,,5,2020-09-27,2020-09-27
25-34,unknown,2020-09-27,12,14,0.11,0,,,,2020-09-27,2020-09-27
35-44,unknown,2020-09-27,6,11,0.11,2,,,,2020-09-27,2020-09-27
25-34,female,2020-09-27,1960,2141,17.74,211,,1,8,2020-09-27,2020-09-27
25-34,male,2020-09-27,1370,1470,12.22,134,,4,6,2020-09-27,2020-09-27
18-24,unknown,2020-09-27,2,2,0,0,,,,2020-09-27,2020-09-27
35-44,unknown,2020-09-26,2,2,0,0,,,,2020-09-26,2020-09-26
25-34,unknown,2020-09-26,13,13,0.36,1,,1,,2020-09-26,2020-09-26
25-34,female,2020-09-26,1082,1226,15.24,87,,,3,2020-09-26,2020-09-26
35-44,male,2020-09-26,122,122,0.99,6,,,,2020-09-26,2020-09-26
18-24,female,2020-09-26,290,328,3.33,28,,1,3,2020-09-26,2020-09-26
25-34,male,2020-09-26,2085,2275,25.17,122,,2,14,2020-09-26,2020-09-26
18-24,male,2020-09-26,535,597,5.15,27,,,2,2020-09-26,2020-09-26
35-44,female,2020-09-26,121,122,1.24,20,,,,2020-09-26,2020-09-26
18-24,female,2020-09-25,21,21,0.26,0,,,,2020-09-25,2020-09-25
25-34,male,2020-09-25,63,63,1.51,3,,,,2020-09-25,2020-09-25
18-24,male,2020-09-25,17,17,0.31,0,,,,2020-09-25,2020-09-25
25-34,female,2020-09-25,115,116,2.39,9,,,4,2020-09-25,2020-09-25
